isoform_id	gene	transcript_id	GABA_pct	GABA_mean	other_pct	other_mean	logFC	n_GABA_detected	GABA_1_pct	GABA_1_mean	GABA_2_pct	GABA_2_mean	editsC_GABA_mean	editsC_GABA_pct	editsC_is_translated	Vip_pct	Vip_mean	Calb1_pct	Calb1_mean	Calb2_pct	Calb2_mean	Cck_pct	Cck_mean	Reln_pct	Reln_mean	Other_pct	Other_mean
Dpp10-201	Dpp10	ENSMUST00000112603	10.1190476190476	0.701166216755674	0.113169337065936	0.00816571874662678	6.42385819026029	102	17.6610978520286	1.17315554241152	4.75382003395586	0.365404710049736	2.91078221414443e-05	2.18253968253968	FALSE	6.66666666666667	0.502454059101894	12.3809523809524	0.802004363113553	25.8333333333333	1.88492148102496	46.1538461538462	3.13372772278552	9.90919649456235	0.660340681058931	7.93548113659323	0.565634175594198
Cit-201	Cit	ENSMUST00000051704	19.1468253968254	1.38566589721311	0.279945202215737	0.0203452384829844	6.08967457659091	193	26.9689737470167	1.85083852828765	13.5823429541596	1.05475361806161	7.52828130720389e-06	1.78571428571429	FALSE	25.4545454545455	1.86097544504564	19.0476190476191	1.31784805074065	35.8333333333333	2.46709891628786	29.4871794871795	1.78886821834759	11.3134832647028	0.805838390303165	16.0911780846817	1.18575434063668
Slc17a6-201	Slc17a6	ENSMUST00000032710	14.3849206349206	1.06157657853665	0.250163797724701	0.0174893684386441	5.92350531463051	145	31.5035799522673	2.31751359510681	2.20713073005093	0.168134116833933	3.00949484200967e-05	1.68650793650794	FALSE	3.03030303030303	0.238898251499079	19.0476190476191	1.39266623230063	27.5	2.04557107797722	33.5897435897436	2.58255635972797	1.6260162601626	0.117878843504395	11.5744425568803	0.852930800344504
C130073E24Rik-201	C130073E24Rik	ENSMUST00000210222	10.7142857142857	0.78006657433963	0.196557269640836	0.0142205672738925	5.77744673504445	108	11.9331742243437	0.795276770971007	9.8471986417657	0.769246417483014	3.86573241451989e-06	0.694444444444445	FALSE	13.3333333333333	0.930018335296971	8.57142857142857	0.566355036093143	10.8333333333333	0.671637147838887	7.69230769230769	0.489427670962135	11.8959631154753	0.858528003554897	8.54429483751219	0.650979199518699
Slc32a1-201	Slc32a1	ENSMUST00000045738	17.5595238095238	1.39821863705437	0.345464292096015	0.0257883888142823	5.76066960875496	177	31.9809069212411	2.57095924121639	7.30050933786078	0.563960040884781	0.000188074122013292	9.72222222222222	TRUE	55.1515151515152	4.28485667164083	32.0634920634921	2.55709071931066	67.5	5.26361190878866	31.025641025641	2.60821997332074	40.8140639847957	3.30860453053735	12.5498063499054	0.997500752376783
Gad2-201	Gad2	ENSMUST00000028123	23.5119047619048	1.82276509852457	0.500327595449401	0.0371030550386724	5.61840876799837	237	26.7303102625298	2.00012832666901	21.2224108658744	1.69659329446257	0.000237556560849792	11.5079365079365	TRUE	46.0606060606061	3.58926349741512	26.984126984127	2.12928106440491	17.5	1.53820104522144	37.6923076923077	2.90536523014389	49.9296096857073	3.87688031044639	19.5438124600203	1.51444300828604
Unc5d-201	Unc5d	ENSMUST00000168630	11.5079365079365	0.830087001644669	0.35737685389243	0.0261320076438618	4.98931921276977	116	16.4677804295943	1.12801732005871	7.97962648556876	0.618146758154889	4.0211861836851e-05	2.48015873015873	FALSE	0	0	11.4285714285714	0.723240876548634	6.66666666666667	0.437567677660508	30.2564102564103	1.90999698007587	17.07141097385	1.21562747594998	10.0989966198621	0.752383660410074
Col25a1-202	Col25a1	ENSMUST00000106353	16.6666666666667	1.20897891127927	0.625409494311752	0.0449688678467592	4.74868781801364	168	22.4343675417661	1.54887848933821	12.5636672325976	0.967182776802704	4.52124780532567e-05	4.36507936507936	FALSE	13.030303030303	0.964693837468711	31.4285714285714	2.20346848827767	12.5	0.842656736173412	17.6923076923077	1.16982853101864	19.9626931334248	1.45228405749286	13.1912111170534	0.972769609927127
Maf-202	Maf	ENSMUST00000109104	11.3095238095238	0.836364650806487	0.476502471856573	0.0340751683327189	4.6172987851366	114	11.2171837708831	0.759176880136569	11.3752122241087	0.891274117547906	2.07817689087788e-05	1.58730158730159	FALSE	21.8181818181818	1.61155484100846	7.61904761904762	0.508429963615913	0.833333333333333	0.0501584356735217	5.8974358974359	0.385504166209039	26.167599338331	1.88049907838582	8.75894408266133	0.663455215739796
Kcnc1-203	Kcnc1	ENSMUST00000160433	25.0992063492064	1.85714098091143	1.96557269640836	0.144072913134278	3.68820307392934	253	33.4128878281623	2.35119400850383	19.1850594227504	1.50568390355793	1.40601010956349e-05	3.27380952380952	FALSE	28.7878787878788	2.09793261787456	29.5238095238095	2.02322320803795	10	0.657292354602933	53.5897435897436	3.57794137666442	33.2629430190406	2.45950033126648	22.9575638888015	1.73502137090383
Rasgrf2-205	Rasgrf2	ENSMUST00000151408	12.6984126984127	0.937598297750029	1.17934361784502	0.087833552667195	3.41611100018756	128	15.2744630071599	1.0445092101291	10.8658743633277	0.861544524767297	2.66069377487487e-05	1.09126984126984	FALSE	9.6969696969697	0.722535239541842	15.8730158730159	1.08583334265555	0.833333333333333	0.0588480340883727	20.2564102564103	1.43492329348745	16.8883961566888	1.17958784005681	11.6763273245876	0.882658480595843
Mirg-201	Mirg	ENSMUST00000181496	10.218253968254	0.735740526167731	1.0006551908988	0.0708506955563713	3.37632473726539	103	13.8424821002387	0.930253341362463	7.64006791171477	0.59736893097827	2.47351848066347e-05	0.595238095238095	FALSE	19.3939393939394	1.44634759263125	8.57142857142857	0.559608026639899	5.83333333333333	0.366554015748118	5.8974358974359	0.409092734076557	13.6610002463661	0.97606171240398	8.58096251787069	0.631958372801142
Scn1a-205	Scn1a	ENSMUST00000129508	11.5079365079365	0.801051217219055	1.10786824706653	0.0772614730123329	3.37405652779779	116	19.8090692124105	1.33698711600642	5.60271646859083	0.419799703480671	1.516313761102e-05	0.595238095238095	FALSE	6.36363636363636	0.447056322921876	32.0634920634921	2.28948084400612	6.66666666666667	0.427569690623425	5.8974358974359	0.403298773828426	8.68264526801112	0.600944046433912	10.1930908163016	0.721666593655695
Peg3-204	Peg3	ENSMUST00000155910	29.3650793650794	2.12084421642092	2.88879623563047	0.206711633515514	3.35894086512192	296	42.9594272076372	2.97831624009776	19.6943972835314	1.51085987360156	3.23429778075908e-05	2.28174603174603	FALSE	26.0606060606061	1.9139021259871	44.4444444444444	3.04022777634228	32.5	2.32268560865013	31.2820512820513	2.05346829420571	25.1715763910886	1.75292503114816	27.0984688010123	2.00274210119744
Spock1-202	Spock1	ENSMUST00000185502	13.5912698412698	0.942196386548117	1.32229435940199	0.0926617973463293	3.34596718941723	137	25.2983293556086	1.70487623934271	5.26315789473684	0.399644844407314	0.000182468616941315	4.36507936507936	FALSE	19.3939393939394	1.43779249812686	31.4285714285714	2.09757220935329	30.8333333333333	2.06709489136916	39.2307692307692	2.48801797432888	22.2855735050857	1.56737944636453	9.12549417476746	0.644775494172324
5330434G04Rik-204	5330434G04Rik	ENSMUST00000150604	14.0873015873016	1.00007035860154	1.4175948537733	0.0996071876449713	3.32769480024685	142	21.0023866348449	1.41412356470536	9.16808149405773	0.705523171237364	2.1903811157473e-05	0.892857142857143	FALSE	35.4545454545455	2.56274681828006	24.7619047619048	1.69903804643159	6.66666666666667	0.412491260196095	14.3589743589744	0.923540257635153	15.1040016893675	1.04387596058757	11.9928525987214	0.876577692176105
Zmat4-207	Zmat4	ENSMUST00000208021	11.2103174603175	0.80314872831271	1.13169337065936	0.0807990602629877	3.31324069516594	113	16.7064439140811	1.14491735462175	7.30050933786078	0.560022999240574	1.64834373521462e-05	0.694444444444445	FALSE	12.7272727272727	0.916241459442125	8.57142857142857	0.551643285912449	8.33333333333333	0.545461874178756	24.3589743589744	1.4549649348432	12.3288635483757	0.879268541775899	10.1076960182884	0.744461226750099
Tmem130-201	Tmem130	ENSMUST00000061446	23.3134920634921	1.71013391802707	2.48376913455239	0.174404771250336	3.29359046229117	235	38.9021479713604	2.7655866826321	12.2241086587436	0.959310983613639	6.04248067217336e-05	3.07539682539683	FALSE	39.3939393939394	2.97643300797269	43.1746031746032	3.05445501458082	35.8333333333333	2.55431949712802	56.1538461538462	3.75887193328185	29.7944602822652	2.21986693562078	18.0046481265926	1.33954198237045
Ube3a-216	Ube3a	ENSMUST00000202945	10.8134920634921	0.779517328195996	1.11978080886295	0.0818467546407269	3.25156819988948	109	11.4558472553699	0.760345287553494	10.3565365025467	0.793155842676826	3.23902015180165e-06	0.396825396825397	FALSE	3.33333333333333	0.209634568786633	13.015873015873	0.887570904103779	22.5	1.51720135944026	26.9230769230769	1.65137831691419	9.88983915813184	0.694905261689194	9.54574808709361	0.709373690201181
Ntng1-208	Ntng1	ENSMUST00000133268	16.3690476190476	1.24748915716376	1.78688426946215	0.134694434726778	3.21125557354203	165	24.1050119331742	1.80241317639613	10.8658743633277	0.852729965214077	1.07074377412473e-05	1.28968253968254	FALSE	0	0	27.3015873015873	2.06470953367289	37.5	2.89045944095765	16.6666666666667	1.12249854406165	5.43061274768592	0.427767883805658	13.439976335539	1.02489143371665
5330434G04Rik-202	5330434G04Rik	ENSMUST00000136406	21.2301587301587	1.53916106084076	2.4122937637739	0.17136223397541	3.16701562615498	214	24.3436754176611	1.65430914187777	19.0152801358234	1.45724757025586	3.46187919772086e-05	1.38888888888889	FALSE	16.0606060606061	1.18036118354278	16.5079365079365	1.16873612992343	32.5	2.2964665410082	5.8974358974359	0.414775022858321	22.1465526343575	1.62168505511878	18.8153525375503	1.38533954890369
Adarb2-206	Adarb2	ENSMUST00000223223	19.8412698412698	1.57029835927452	2.29316814580976	0.175072869563789	3.16500394106586	200	22.9116945107399	1.7116168625547	17.6570458404075	1.46976787901239	3.67909969003245e-05	3.37301587301587	FALSE	67.8787878787879	5.66115299037584	28.5714285714286	2.23137134689225	43.3333333333333	3.2413640424175	8.46153846153846	0.678078260003587	29.5445746665259	2.34175375303901	14.6927727267961	1.18030831432045
Nrxn3-202	Nrxn3	ENSMUST00000110130	11.6071428571429	0.812715740230987	1.42355113467151	0.0971470547056765	3.06449559834501	117	20.2863961813843	1.35555508762684	5.43293718166384	0.426553284273664	4.32962714192403e-05	2.48015873015873	FALSE	19.3939393939394	1.43096302485198	12.3809523809524	0.839329107867982	24.1666666666667	1.76978966038199	39.4871794871795	2.63224305627839	15.5034667229789	1.08543876926909	8.76858726313692	0.624913039560314
Mir124-2hg-201	Mir124-2hg	ENSMUST00000185804	20.2380952380952	1.4475709020896	2.45994401095956	0.174043220861292	3.05610919456838	204	29.8329355608592	2.0443894566046	13.4125636672326	1.02300897621221	1.62134943340006e-05	0.892857142857143	FALSE	6.66666666666667	0.478581622829718	42.2222222222222	2.8883577061883	17.5	1.18656334560802	36.1538461538462	2.33236960853912	12.9060641255763	0.915481470375621	17.2541578842504	1.25959811837925
L1cam-203	L1cam	ENSMUST00000114430	10.1190476190476	0.701036014903931	1.22699386503067	0.0848828330948004	3.04592891031229	102	18.854415274463	1.2737531246009	3.90492359932088	0.293619259448868	3.55199579817994e-05	1.88492063492064	FALSE	12.7272727272727	0.918689932575465	22.2222222222222	1.55165886885934	14.1666666666667	0.92000548986809	19.2307692307692	1.17454030071146	9.47629606166192	0.697546225271374	7.42760842133227	0.519792995860685
A230057D06Rik-201	A230057D06Rik	ENSMUST00000207061	13.0952380952381	0.972943605071481	1.70945261778545	0.119135289371092	3.02974473642442	132	10.0238663484487	0.67149413817173	15.2801358234295	1.18738728356214	1.45720443044505e-05	0.595238095238095	FALSE	16.3636363636364	1.26551428753309	23.1746031746032	1.64684668361047	5	0.336231542940612	14.3589743589744	0.944438274899872	12.9447787984373	0.944510758598175	11.6589110502896	0.884845120060353
Nrsn2-201	Nrsn2	ENSMUST00000079278	18.0555555555556	1.30767473224434	2.34081839299541	0.162111899249298	3.01193404121907	182	39.618138424821	2.85633386981345	2.71646859083192	0.205997009593306	0.00027443690855406	5.8531746031746	TRUE	10	0.696305918226225	26.6666666666667	1.83970561424634	58.3333333333333	4.57879295833721	54.3589743589744	3.64434319619504	23.9837398373984	1.73449240435052	13.1347109055764	0.960089424175548
Kcnc1-201	Kcnc1	ENSMUST00000025202	23.8095238095238	1.76130705240375	3.03770325808565	0.221801693465821	2.9892984681763	240	32.9355608591885	2.3320914800894	17.3174872665535	1.35526515902465	2.80662029043251e-05	3.67063492063492	FALSE	52.1212121212121	4.03018101573832	26.984126984127	1.88212629998255	30.8333333333333	2.09067338900357	50.2564102564103	3.34959898864064	30.8045612923662	2.2750084309154	19.6804948214329	1.48942659269816
Snhg11-202	Snhg11	ENSMUST00000137320	19.8412698412698	1.41946431714274	2.63267615700756	0.184951346292307	2.9401220914292	200	30.0715990453461	2.05755899926723	12.5636672325976	0.965539577227363	4.6017576131042e-05	1.58730158730159	FALSE	13.030303030303	0.932172407740893	12.3809523809524	0.807249456948751	41.6666666666667	2.9517463444436	39.4871794871795	2.54728070596336	16.1721747087601	1.11695486366315	19.754411307208	1.44073854973925
Nrsn1-201	Nrsn1	ENSMUST00000057866	13.2936507936508	0.954251388640435	1.81070939305498	0.125823990076246	2.92295240868266	134	21.9570405727924	1.51100025611337	7.13073005093379	0.558194044886345	0.000314587833004279	3.96825396825397	FALSE	10	0.761232528714949	14.9206349206349	1.03635167180115	44.1666666666667	3.14238378174736	31.025641025641	1.97208387140865	20.553971773484	1.50512831601083	11.0482534788855	0.80653833400989
Cacng2-201	Cacng2	ENSMUST00000019290	20.2380952380952	1.43959289979664	2.68628268509143	0.191860753486987	2.90752284151475	204	35.0835322195704	2.39863346256861	9.67741935483871	0.75735521592321	3.48343011483989e-05	2.87698412698413	FALSE	19.6969696969697	1.40390806902076	28.2539682539683	1.94008106559607	33.3333333333333	2.2467552725858	55.3846153846154	3.68473554191768	21.7805230000352	1.53198811241403	17.0389275140431	1.24109049078971
Grin1-214	Grin1	ENSMUST00000155627	11.1111111111111	0.840524760768093	1.52480790994103	0.115642744549495	2.86160480721862	112	6.92124105011933	0.461970871311557	14.0916808149406	1.1098186142185	9.88769307497461e-06	0.892857142857143	FALSE	10	0.811767443774648	11.4285714285714	0.796946294031804	3.33333333333333	0.207215313498054	2.56410256410256	0.173679358640087	10.8805828318023	0.844525224588621	11.1271466672259	0.852780432024801
Grm1-201	Grm1	ENSMUST00000044306	10.0198412698413	0.694572617333937	1.32229435940199	0.0958373923429876	2.85745199975513	101	19.3317422434368	1.30945781811982	3.3955857385399	0.257158527131419	1.63569164651943e-05	0.992063492063492	FALSE	10	0.66140788464873	19.3650793650794	1.33213837079356	15	0.98967002261913	19.2307692307692	1.36947515146702	8.46091577798895	0.611366313994873	6.92252335860572	0.48569591021691
Cadps-209	Cadps	ENSMUST00000224704	15.6746031746032	1.1337537439048	2.19786765143844	0.158180440946713	2.84145634048721	158	17.1837708830549	1.1497500850491	14.6010186757216	1.12237434332847	3.86125816423066e-05	2.08333333333333	FALSE	10	0.686197738439931	15.2380952380952	0.986355478673441	6.66666666666667	0.413345035115584	23.3333333333333	1.47713668704342	18.158941329673	1.27654086584765	14.9450246956303	1.10842222617823
Serpini1-201	Serpini1	ENSMUST00000029423	15.2777777777778	1.13865196277989	2.34081839299541	0.160826162798679	2.82374511600992	154	27.9236276849642	2.04876053491711	6.28183361629881	0.491223284128791	0.0006510614487498	9.22619047619048	TRUE	16.6666666666667	1.1539299751584	36.5079365079365	2.98475782342505	4.16666666666667	0.285063148403623	41.025641025641	3.01010727597805	24.5750184774575	1.83064145781279	13.3608646791316	1.0018610767521
Spock1-204	Spock1	ENSMUST00000186271	12.0039682539683	0.825747241565637	1.69754005598904	0.117051226034833	2.81854962119756	121	25.5369928400955	1.7400093162152	2.37691001697793	0.175363864183352	1.91426932534114e-05	1.58730158730159	FALSE	9.6969696969697	0.668366710651017	30.4761904761905	2.12154853702749	6.66666666666667	0.41512406585269	56.9230769230769	3.76045776642385	20.140428677014	1.42686932765728	8.70895421957963	0.601281993294079
Meg3-201	Meg3	ENSMUST00000124106	32.1428571428572	2.42530175138358	4.657811662398	0.346255355809699	2.80825239233566	324	32.9355608591885	2.32799263987472	31.5789473684211	2.49452504123454	8.73895294265151e-06	3.17460317460317	FALSE	19.3939393939394	1.50046936127784	32.3809523809524	2.47086193860124	19.1666666666667	1.3899660828898	35.1282051282051	2.46401600208772	32.7913279132791	2.4590284206168	29.3644326996012	2.22789323261329
Gabrb2-201	Gabrb2	ENSMUST00000007797	11.7063492063492	0.812505395562975	1.64988980880338	0.117838797814607	2.78555230894017	118	21.0023866348449	1.40348804548213	5.09337860780985	0.39209498755597	3.70741508322262e-05	1.78571428571429	FALSE	9.6969696969697	0.681667190566698	20	1.34200114159533	25.8333333333333	1.75129472626369	36.1538461538462	2.40973158098237	13.0978777320241	0.950937834126424	9.00123390764219	0.629929175198736
Slc38a1-203	Slc38a1	ENSMUST00000100262	12.3015873015873	0.866306509260382	1.76901542676753	0.125923292442701	2.78232259815565	124	21.0023866348449	1.41452118956978	6.11205432937182	0.476320174710909	1.3152727717235e-05	2.38095238095238	FALSE	23.030303030303	1.72679084658212	11.7460317460317	0.738378493065885	25.8333333333333	1.84529989057848	27.6923076923077	1.80277869830334	16.7493752859607	1.18293393277474	9.57465141235236	0.689047595679396
Cplx1-201	Cplx1	ENSMUST00000046892	16.765873015873	1.20000768899786	2.54333194353446	0.182776636657189	2.71488338347797	169	28.1622911694511	1.93893761093153	8.65874363327674	0.674351258963555	0.000441789675188727	5.15873015873016	TRUE	13.030303030303	0.951106901877002	22.2222222222222	1.51039216362734	12.5	0.821026881830812	41.2820512820513	2.95785765847493	23.6036321402175	1.62777547599997	13.2847416658802	0.983512836307426
Ube3a-215	Ube3a	ENSMUST00000202776	16.0714285714286	1.1499298726711	2.50163797724701	0.178492984698938	2.68759977619563	162	18.1384248210024	1.20478118651515	14.6010186757216	1.11091000764452	3.72329741062028e-05	0.793650793650794	FALSE	6.36363636363636	0.467112424858416	27.9365079365079	1.84577088083708	6.66666666666667	0.425740883059153	47.6923076923077	3.06312023383547	20.3621581670362	1.46238149492358	13.8522299472531	1.01410649455107
Kcnd3-202	Kcnd3	ENSMUST00000098761	13.3928571428571	0.946375932701714	2.06087319077968	0.15389790542111	2.62043193860149	135	21.0023866348449	1.41209549503119	7.97962648556876	0.615074580212666	3.02598639882272e-05	2.18253968253968	FALSE	19.0909090909091	1.41862676386045	26.031746031746	1.73094246221177	13.3333333333333	0.899596927805281	25.1282051282051	1.59169741387428	17.6820469503396	1.30345403934555	10.2999610252969	0.734507950079337
Grk3-201	Grk3	ENSMUST00000065167	12.8968253968254	0.909578884974139	2.06682947167788	0.149297251767989	2.60700307781016	130	16.7064439140811	1.08902060364497	10.1867572156197	0.781928494272818	7.37617615743342e-06	0.694444444444445	FALSE	3.33333333333333	0.244257435928464	34.9206349206349	2.47311675963291	7.5	0.48210397386012	41.7948717948718	2.51495300525087	17.110125646711	1.19126090842578	9.95824638304268	0.71860497415828
Kalrn-212	Kalrn	ENSMUST00000114973	11.1111111111111	0.782184448625627	1.78092798856394	0.132112933099861	2.56572807195906	112	16.7064439140811	1.12237859570004	7.13073005093379	0.540178765053165	8.78663562905624e-06	1.28968253968254	FALSE	6.36363636363636	0.440510652425741	11.7460317460317	0.757371167968699	10.8333333333333	0.701711002176192	25.8974358974359	1.70859224451113	11.9293985147644	0.850766962909443	9.43332005047486	0.676788498286978
Dlg2-211	Dlg2	ENSMUST00000207095	13.8888888888889	0.987495758861136	2.38846864018107	0.167399943089202	2.56046835736098	140	23.6276849642005	1.61727563784734	6.96095076400679	0.539485963792849	4.20343082629658e-05	0.892857142857143	FALSE	6.66666666666667	0.475887538730914	19.6825396825397	1.29865903182525	11.6666666666667	0.738447352635394	17.6923076923077	1.24417832820924	8.10544469081055	0.586562329831532	13.0278581740264	0.947775211363241
Nrxn3-204	Nrxn3	ENSMUST00000110138	12.3015873015873	0.885573240030929	2.12043599976175	0.150243954590843	2.55929671270069	124	18.3770883054893	1.26770502071035	7.97962648556876	0.613734163452527	1.88092374801829e-05	0.892857142857143	FALSE	22.7272727272727	1.68454695057132	17.7777777777778	1.28281614834631	19.1666666666667	1.2884938400066	11.025641025641	0.72850892248886	21.5447154471545	1.5455160415393	10.8069074359539	0.788083006406558
Slc6a17-206	Slc6a17	ENSMUST00000168211	13.6904761904762	0.96306458155443	2.30508070760617	0.164415676159591	2.55027741061046	138	26.7303102625298	1.83039054507736	4.41426146010187	0.346070390185829	1.95586911792508e-05	1.98412698412698	FALSE	10	0.714552463080611	18.7301587301587	1.25187902218891	48.3333333333333	3.2487575277739	51.7948717948718	3.64083064914837	11.4577834090029	0.850526424017734	10.649094843105	0.761308418489422
5330434G04Rik-203	5330434G04Rik	ENSMUST00000142109	12.5992063492064	0.905137888183453	2.2455178986241	0.154568601152857	2.54988256651079	127	13.6038186157518	0.89807739944035	11.8845500848896	0.910160544861484	1.30542053322149e-05	0.396825396825397	FALSE	6.36363636363636	0.45868646339773	13.968253968254	0.93175696794231	41.6666666666667	2.94878774772523	9.23076923076923	0.625420623083823	16.7687326223912	1.16772181396949	10.4036896634893	0.774348531317908
Gm38393-203	Gm38393	ENSMUST00000191456	17.7579365079365	1.28065877790749	3.09130978616952	0.222341257026852	2.52603318850023	179	19.8090692124105	1.32451178520816	16.2988115449915	1.24946283553232	6.03602356098677e-05	1.68650793650794	FALSE	6.36363636363636	0.485627225866302	24.4444444444444	1.69642463331751	13.3333333333333	0.859121648314566	30.2564102564103	1.86023817098485	15.9170098194488	1.11471702013846	16.0567169317995	1.1892342204311
Nrxn3-205	Nrxn3	ENSMUST00000163134	17.4603174603175	1.2589734786604	3.15682887604979	0.219507364873805	2.51990121456552	176	28.1622911694511	1.95269153375446	9.8471986417657	0.765479649994175	4.73295965815715e-05	4.06746031746032	FALSE	26.3636363636364	2.03995040800428	27.3015873015873	1.91181678148738	60	4.47379274451446	31.7948717948718	2.31682311370037	30.9629394995249	2.29256856125872	12.3236525763502	0.888978056546342
Mef2c-209	Mef2c	ENSMUST00000196832	10.218253968254	0.734271526966119	1.73923402227649	0.129905990035591	2.4988365606889	103	13.126491646778	0.891751992266568	8.14940577249576	0.622243827541861	1.14296670993048e-05	0.396825396825397	FALSE	9.6969696969697	0.72269181275019	12.0634920634921	0.816360204875451	2.5	0.150368757048045	46.9230769230769	2.86630520938012	7.6531869214796	0.547143547035578	10.392556530797	0.763806573300696
Asph-217	Asph	ENSMUST00000146441	11.5079365079365	0.795303850572489	2.09065459527071	0.146712685565928	2.43850451696883	116	24.1050119331742	1.6367797748853	2.54668930390492	0.196698736332988	5.18838243601405e-05	2.38095238095238	FALSE	6.66666666666667	0.462094607468512	13.3333333333333	0.854877181295954	13.3333333333333	0.86060344600844	22.0512820512821	1.50489794607682	6.24362087776722	0.432780801576951	10.611854776411	0.751844577885369
Syngr3-201	Syngr3	ENSMUST00000007236	12.9960317460317	0.892483467026564	2.35868723569004	0.165037473940033	2.43502467417309	131	26.491646778043	1.78445387224417	3.3955857385399	0.257957830717267	0.000207115045881851	3.07539682539683	FALSE	16.3636363636364	1.15530165423181	24.7619047619048	1.60027113884972	19.1666666666667	1.26227569090184	22.5641025641026	1.37632175029117	13.3002498856157	0.932715518105079	9.44202818762387	0.665567161825276
Ube3a-205	Ube3a	ENSMUST00000200949	19.9404761904762	1.45185352414147	3.76436952766692	0.269762816145749	2.4281281471265	201	19.5704057279236	1.2950979834314	20.2037351443124	1.56336553018139	2.87284820338987e-05	1.28968253968254	FALSE	19.3939393939394	1.43991947492715	20.3174603174603	1.34346447205115	10	0.652649964403102	2.56410256410256	0.14144313616132	18.7889346425932	1.3349325615517	18.9290607970414	1.40988395078692
Snap25-203	Snap25	ENSMUST00000125486	22.4206349206349	1.63142814172491	4.16939662874501	0.306633452988594	2.41154461757745	226	27.2076372315036	1.85555284689078	19.0152801358234	1.47199138202288	2.37530619344832e-05	1.28968253968254	FALSE	18.7878787878788	1.37452040827289	42.2222222222222	2.92949726593277	30	2.12599668987479	35.3846153846154	2.30598413563256	27.8129729349242	2.04421631766899	19.5332429749408	1.44831076876781
Arl4c-202	Arl4c	ENSMUST00000159814	19.1468253968254	1.38290665180437	3.63333134790637	0.2614043198903	2.40334441200971	193	31.5035799522673	2.18831147240452	10.3565365025467	0.809961626623624	3.00082207241692e-05	2.38095238095238	FALSE	36.0606060606061	2.71364243219701	17.7777777777778	1.30817010411233	14.1666666666667	0.924539983422576	39.4871794871795	2.71721341028056	27.9132791327913	2.03144500208464	15.1826655201463	1.113409181934
Lingo2-209	Lingo2	ENSMUST00000145615	16.3690476190476	1.17074752573733	2.97218416820537	0.223204011389592	2.3909898973552	165	28.400954653938	1.98358772596268	7.80984719864177	0.59251315579773	2.17022576957853e-05	0.992063492063492	FALSE	25.4545454545455	1.86256687931054	18.4126984126984	1.27023168136643	27.5	1.86741034655609	19.4871794871795	1.41218841878417	12.6649772991236	0.873972940215032	14.7776038771965	1.07690811612167
Pfkp-212	Pfkp	ENSMUST00000151894	22.5198412698413	1.68257947383579	4.4076478646733	0.321290428941861	2.38872110736058	227	19.3317422434368	1.29226409935926	24.7877758913413	1.96024015618836	1.4492982243153e-05	2.18253968253968	FALSE	13.030303030303	0.983749901149501	16.8253968253968	1.24637451275888	2.5	0.18088958188036	27.6923076923077	1.85636848319718	30.1499313694436	2.29606411329991	22.333195261515	1.67254230777311
Snhg11-205	Snhg11	ENSMUST00000149303	80.5555555555556	6.92376690121434	16.3440347846804	1.32489939950676	2.38567345549382	812	97.1360381861575	8.31718836774858	68.7606112054329	5.93252140974092	4.38262832543759e-05	18.75	TRUE	90.3030303030303	7.78274649643036	82.8571428571429	6.97751870518888	100	8.68050701394272	96.6666666666667	8.17835233554144	87.7292084609158	7.47091332242614	76.5528797586714	6.60657815077477
Unc80-201	Unc80	ENSMUST00000061620	16.2698412698413	1.15063035094177	3.07344094347489	0.223050279053495	2.36697835843037	164	24.3436754176611	1.65394687887326	10.5263157894737	0.792583449068607	1.33953854703997e-05	2.08333333333333	FALSE	10	0.713070833763485	11.1111111111111	0.780742939943142	20.8333333333333	1.39722531747587	47.6923076923077	2.93405810933722	12.5065990919649	0.905593149160218	13.4884849851267	0.971024441515155
C230004F18Rik-210	C230004F18Rik	ENSMUST00000232525	34.2261904761905	2.53079427188267	6.5757341116207	0.495001680694637	2.354082562413	345	38.1861575178998	2.63917648523882	31.4091680814941	2.45369385185512	1.55229207898418e-05	3.57142857142857	FALSE	16.0606060606061	1.15854193911199	43.4920634920635	3.22426811930117	19.1666666666667	1.30712172070588	52.0512820512821	3.18051921879998	30.6514623587794	2.26670189149546	32.1771347825631	2.41358746581225
Snhg11-201	Snhg11	ENSMUST00000109488	91.5674603174603	8.43622889903405	19.637858121389	1.66362505162558	2.34226722889941	923	96.6587112171838	8.67806146148991	87.9456706281834	8.26419520859429	9.05549989108091e-05	41.6666666666667	TRUE	93.6363636363637	8.52134457030919	86.6666666666667	8.00160450340484	100	8.94399795901586	96.6666666666667	8.6048528933827	94.3529370358639	8.58617696675328	89.4940629118123	8.2655617514992
Slc2a13-202	Slc2a13	ENSMUST00000109283	22.2222222222222	1.61157031018901	4.31234737030198	0.319973234415451	2.33244038399674	224	36.2768496420048	2.53207010693313	12.2241086587436	0.956749571927909	0.000149179095654212	5.75396825396825	TRUE	35.7575757575758	2.69061352635166	15.5555555555556	1.01508748970836	53.3333333333333	3.95808344789537	30.5128205128205	2.20381255266803	35.4221659099708	2.60870924312436	16.550323682288	1.22077184338025
Syngr1-201	Syngr1	ENSMUST00000009727	21.9246031746032	1.56302609666397	4.38382274108047	0.31041504851095	2.33206773723459	221	42.4821002386635	2.96114632686353	7.30050933786078	0.568438021190943	0.000140668975704834	6.0515873015873	TRUE	26.3636363636364	1.96254625292162	51.4285714285714	3.72272813672392	18.3333333333333	1.25226301190691	50.2564102564103	3.47750186434455	25.9652271847394	1.86628677288037	17.9422361692236	1.29384333195803
Rims2-211	Rims2	ENSMUST00000228839	14.6825396825397	1.01857719148187	2.94240276371434	0.202845918223577	2.32809344399901	148	28.400954653938	1.93622809280753	4.92359932088285	0.365783086803689	1.84259793632506e-05	0.496031746031746	FALSE	25.4545454545455	1.87744724897524	15.5555555555556	0.999801271195383	14.1666666666667	0.932816109328336	47.6923076923077	3.09967744291613	10.8999401682329	0.740427509201476	12.3314344088953	0.869871041854677
Rab3c-201	Rab3c	ENSMUST00000167824	26.0912698412698	1.95257851818638	5.44404074096134	0.389214549000986	2.32674005140912	263	42.2434367541766	3.06054583553691	14.6010186757216	1.16439803266877	0.000121292136692751	10.3174603174603	TRUE	32.1212121212121	2.44807313790041	45.0793650793651	3.20998267840728	37.5	2.94136878478579	51.025641025641	3.63618984782769	41.3050364269876	3.08709125685816	19.4484205632631	1.47275987067988
Peg3-203	Peg3	ENSMUST00000150182	17.4603174603175	1.24947122007537	3.59759366251712	0.250289195915252	2.31964514024473	176	24.582338902148	1.64534699938166	12.3938879456706	0.967855003556968	5.25149738178566e-06	1.28968253968254	FALSE	16.3636363636364	1.21746288018865	22.5396825396825	1.45214316018937	43.3333333333333	3.05248231685954	36.9230769230769	2.49289487304553	16.5329250695104	1.14394375301086	14.9891202902654	1.10312691200023
Strbp-201	Strbp	ENSMUST00000028279	32.1428571428572	2.35030121908875	6.71272857227947	0.482678016581565	2.28371026578765	324	44.1527446300716	3.06756050995986	23.5993208828523	1.8400607388256	3.37748434213597e-05	4.46428571428571	FALSE	29.3939393939394	2.13699884139556	37.7777777777778	2.63320070691465	39.1666666666667	2.69064705473179	59.4871794871795	4.07934606895184	30.213282652307	2.19740648276856	28.4586903101548	2.11692425438732
Gpr158-202	Gpr158	ENSMUST00000155760	12.3015873015873	0.876950572728832	2.50163797724701	0.180222268865087	2.28271188450467	124	23.6276849642005	1.64849440335145	4.24448217317487	0.328093416479469	1.68134082076186e-05	1.09126984126984	FALSE	3.03030303030303	0.238898251499079	7.61904761904762	0.498489860908117	23.3333333333333	1.53354053330891	34.6153846153846	2.38370899553773	11.4964980818639	0.812493717911886	11.753713083266	0.861588651978773
Syt13-201	Syt13	ENSMUST00000028648	19.4444444444444	1.36609686118225	3.85967002203824	0.281102398386404	2.2808880352632	196	36.0381861575179	2.45605541040285	7.64006791171477	0.590727366914961	5.31317141586019e-05	2.67857142857143	FALSE	6.66666666666667	0.468203988883062	32.6984126984127	2.26264588245559	40	2.70426279035364	38.7179487179487	2.4295583801169	15.3398092422483	1.06362848784052	16.1952693798653	1.16498935813501
Gm27000-201	Gm27000	ENSMUST00000182943	67.7579365079365	5.46005735261068	14.7298826612663	1.14293828817318	2.25616759853901	683	89.0214797136038	7.03921299623747	52.6315789473684	4.33668517149079	0.000654145669895849	16.8650793650794	TRUE	70.6060606060606	5.69759868587659	81.2698412698413	6.62123266939798	81.6666666666667	6.38426995380873	97.4358974358974	7.46900955741438	70.4167106606131	5.66216975856762	63.5632141721109	5.15801228335346
Peg3-201	Peg3	ENSMUST00000051209	46.3293650793651	3.49413099200004	10.2984096730002	0.733726254861638	2.25161832628824	467	60.8591885441528	4.37229683342615	35.9932088285229	2.86942558018758	4.73908964049165e-05	6.74603174603175	TRUE	29.0909090909091	2.14284715789001	47.6190476190476	3.52849892702816	60.8333333333333	4.41160793763547	70.5128205128205	4.91151521697225	45.9859923274557	3.44909622795197	42.4491450033732	3.23063419345886
Camk2n2-201	Camk2n2	ENSMUST00000052939	13.2936507936508	0.930679283295006	2.72797665137888	0.195913170196742	2.24806389421403	134	27.9236276849642	1.92891489631087	2.88624787775891	0.220559212236181	0.000298035411573507	3.86904761904762	FALSE	3.33333333333333	0.240682059207388	15.2380952380952	1.02600939158514	19.1666666666667	1.27886599364136	19.4871794871795	1.33003046836644	15.9170098194488	1.11311011286026	10.1788248515291	0.72991624612832
Neto1-201	Neto1	ENSMUST00000058829	13.2936507936508	0.9580688436102	2.79349574125916	0.202084961000892	2.24516173219306	134	21.4797136038186	1.50135345844383	7.47028862478778	0.571589635434831	4.42943499916768e-05	1.98412698412698	FALSE	22.7272727272727	1.68069860694146	31.4285714285714	2.15479734878227	18.3333333333333	1.40006825285687	29.2307692307692	1.86601725909349	27.3888712913103	2.02129417957449	10.1219707217835	0.730979538257473
Thsd7a-206	Thsd7a	ENSMUST00000172356	12.202380952381	0.867841593800722	2.70415152778605	0.183477790006656	2.24182009713073	123	21.0023866348449	1.42791536266284	5.94227504244482	0.469418997615273	3.73791528319964e-05	3.17460317460317	FALSE	12.7272727272727	0.997486238469191	13.3333333333333	0.930330965606376	65	4.89937179631603	38.4615384615385	2.37384656594721	10.9439341146658	0.772174109396554	8.57782094706781	0.622589317142111
Cntnap2-205	Cntnap2	ENSMUST00000199100	13.6904761904762	0.954764422963296	2.93049020191792	0.202701735027456	2.23578076492045	138	25.7756563245823	1.74160729765438	5.09337860780985	0.395023905992899	6.53511038920007e-05	2.87698412698413	FALSE	25.7575757575758	1.85584494403354	26.6666666666667	1.81374492653513	14.1666666666667	0.919641186574021	52.8205128205128	3.43206453060083	15.4647520501179	1.09607146160437	9.93063201937899	0.710495694961885
Kcnj9-201	Kcnj9	ENSMUST00000062387	12.3015873015873	0.85997807562722	2.60289475251653	0.184777143380496	2.21850744106169	124	23.8663484486874	1.62368066993176	4.07470288624788	0.316698980527722	7.73088580035552e-06	0.793650793650794	FALSE	9.6969696969697	0.659171618874311	30.4761904761905	2.08894603841596	46.6666666666667	3.41558738728991	25.1282051282051	1.51796634020088	9.65403160525112	0.686237609485947	9.81507115068005	0.704348217234303
Rit2-203	Rit2	ENSMUST00000153060	11.6071428571429	0.791659883109536	2.46590029185776	0.172230160369	2.20053638658499	117	26.9689737470167	1.82820731374318	0.67911714770798	0.054285734662176	0.000136455000787692	1.88492063492064	FALSE	10	0.723638919770729	13.968253968254	0.889774629929362	36.6666666666667	2.5812440558742	28.7179487179487	1.98065013490346	9.90919649456235	0.664183107068768	7.90288133164152	0.550878212848463
Slc2a3-201	Slc2a3	ENSMUST00000032476	10.3174603174603	0.703285490893247	2.17404252784561	0.153765541740798	2.19337088592464	104	20.0477326968974	1.32391601896589	3.3955857385399	0.261784317272808	1.23878105209972e-05	0.992063492063492	FALSE	6.66666666666667	0.469944904930831	36.1904761904762	2.58745166836022	27.5	2.04343769129666	27.6923076923077	1.855379735636	7.66726498433816	0.516589166902945	8.5194681263829	0.594733203538966
Rab3c-202	Rab3c	ENSMUST00000223922	16.5674603174603	1.17140902308864	3.72267556137947	0.256194727669906	2.19292782137977	167	34.3675417661098	2.40303688690742	3.90492359932088	0.295259490083432	7.33395136929655e-05	5.25793650793651	TRUE	26.3636363636364	1.89557682665498	28.8888888888889	1.99902946735577	31.6666666666667	2.15628204808623	31.7948717948718	2.27294326997596	25.1715763910886	1.83716636008416	12.0475089397133	0.852143268441078
Meg3-206	Meg3	ENSMUST00000143272	95.8333333333333	9.08754383773399	23.3486211209721	2.01160859613222	2.17554023653126	966	97.3747016706444	8.81288658152197	94.7368421052632	9.28292820166073	3.19307537852224e-05	40.6746031746032	TRUE	100	9.2770171425403	86.6666666666667	8.01973314330679	83.3333333333333	7.42437762842882	100	9.1007991945456	99.2063492063492	9.31439062449897	94.5006999716865	8.98257005028355
Meg3-205	Meg3	ENSMUST00000129245	86.2103174603175	7.3414945284655	20.0905354696528	1.62809043785684	2.17289225553037	869	94.272076372315	7.81521753495188	80.4753820033956	7.00449972419082	0.000187179486398959	26.6865079365079	TRUE	93.9393939393939	8.16456970346009	85.0793650793651	7.12939572289147	100	8.51213718815307	100	7.97461425438371	93.6314363143631	7.97006107632387	82.7106643876078	7.07165941850164
Gpr158-201	Gpr158	ENSMUST00000055946	12.4007936507937	0.845786619692156	2.73393293227709	0.191336038912481	2.14417926613266	125	24.3436754176611	1.61784697259444	3.90492359932088	0.296562022296477	3.21151121832255e-05	2.08333333333333	FALSE	12.7272727272727	0.908411250397687	30.7936507936508	2.05003504569783	12.5	0.802144256116238	53.5897435897436	3.42312157664455	14.488086439306	0.970865286762913	9.32181831846003	0.656878955060363
Dner-201	Dner	ENSMUST00000049126	17.7579365079365	1.26361677628876	4.1634403478468	0.286792385908767	2.139476480057	179	32.2195704057279	2.24222237203788	7.47028862478778	0.56746101292902	0.000366378986100046	8.82936507936508	TRUE	16.0606060606061	1.161338431573	36.8253968253968	2.56681548187226	15	0.969172338860819	30.2564102564103	2.04173844987855	34.5950797170309	2.58701016257603	12.5361127714684	0.892942982115015
Mir124a-1hg-201	Mir124a-1hg	ENSMUST00000180610	35.1190476190476	2.5767578248214	8.07671689796891	0.601613745988731	2.09864567854665	354	43.6754176610979	3.04443833884207	29.0322580645161	2.24406149990686	4.98130857878699e-05	4.26587301587302	FALSE	41.2121212121212	3.16124341019522	48.2539682539683	3.43388451769897	66.6666666666667	4.8037549791898	72.3076923076923	4.79435399823793	34.633794389892	2.53577710199573	30.800777221995	2.29477215875188
Syt4-201	Syt4	ENSMUST00000025110	28.7698412698413	2.0930478314651	6.82589790934541	0.489540500227051	2.09610289782811	290	54.653937947494	3.92723998898849	10.3565365025467	0.788248996147094	0.00016599521525041	5.05952380952381	TRUE	10	0.718620569100036	35.2380952380952	2.50186171354296	45	3.14076423983892	73.0769230769231	5.06492461816933	26.3646922183508	1.88204139763606	24.7004715414757	1.83170335717273
Slitrk4-202	Slitrk4	ENSMUST00000114679	13.3928571428571	0.944617344279332	3.23426052772649	0.223148853767518	2.08171869140253	135	26.9689737470167	1.87483399074438	3.73514431239389	0.282884279985862	1.59016401247323e-05	0.992063492063492	FALSE	19.6969696969697	1.3532770460282	20.3174603174603	1.42580752196005	18.3333333333333	1.24592202619831	19.4871794871795	1.34347945027768	14.7432513286172	1.04475472436662	12.5662875808769	0.894328135797363
Ntrk2-201	Ntrk2	ENSMUST00000079828	25.7936507936508	1.88086588698635	6.27792006671035	0.449122015533485	2.06621518907541	260	41.0501193317422	2.89071836955469	14.9405772495756	1.16248186288426	4.91063666764933e-05	6.0515873015873	TRUE	26.0606060606061	2.01093057171647	43.4920634920635	3.08324361919995	50	3.59168584199387	67.948717948718	4.66100242385441	37.1872030408616	2.77985239401155	20.1641132119	1.48569777317981
Meg3-209	Meg3	ENSMUST00000146701	95.4365079365079	9.12082771567965	25.1414616713324	2.18503142027104	2.06151022739625	962	98.8066825775656	8.93987614306355	93.0390492359932	9.24955217905169	5.86682137846645e-05	49.4047619047619	TRUE	93.3333333333333	8.95953061782601	100	9.03761297394462	99.1666666666667	8.77723158416029	100	8.99968814917215	99.1869918699187	9.39581125970937	94.030421241388	9.0281373943391
Stmn2-201	Stmn2	ENSMUST00000029002	17.0634920634921	1.20013773241778	4.11579010066115	0.28890007397787	2.05455371448447	172	34.8448687350835	2.40818640189191	4.41426146010187	0.340761853793567	9.44980919940541e-05	3.86904761904762	FALSE	12.7272727272727	0.936951840276436	50.4761904761905	3.4128661367585	32.5	2.2304810232228	63.0769230769231	4.1466889905983	16.3111955794883	1.14587838982343	13.5021960410091	0.968193823676859
Slc12a5-205	Slc12a5	ENSMUST00000137302	21.1309523809524	1.49713262171527	5.11048901066174	0.362727916067454	2.04523932618003	213	40.8114558472554	2.83354745239611	7.13073005093379	0.546440237920252	0.000131634998665929	4.06746031746032	FALSE	16.3636363636364	1.20688095847697	31.7460317460317	2.10752359215708	38.3333333333333	2.75117328243569	63.8461538461539	4.44545965221749	21.3863372399958	1.52037904345324	16.4934782912651	1.18777802896946
C230004F18Rik-203	C230004F18Rik	ENSMUST00000137153	18.9484126984127	1.34150173178012	4.50294835904461	0.326953181435331	2.03668961322254	191	30.7875894988067	2.10844116929761	10.5263157894737	0.795920026653078	5.79482242802144e-05	1.58730158730159	FALSE	12.7272727272727	0.898744706120528	26.6666666666667	1.86192699419045	31.6666666666667	2.31119417333561	31.025641025641	2.01757111972227	27.1583430120016	1.9286899645222	15.5171794549134	1.11638326423353
Ntrk2-207	Ntrk2	ENSMUST00000225488	14.2857142857143	0.998591716961788	3.50824944904402	0.243514061730634	2.03588537702031	144	25.7756563245823	1.73312819353318	6.11205432937182	0.47606067505447	1.9435863117168e-05	2.87698412698413	FALSE	22.4242424242424	1.62055255797157	24.1269841269841	1.61165225061881	28.3333333333333	1.8589815675961	29.4871794871795	1.78664978922913	25.7487769682892	1.84410438619057	10.3403426627937	0.741462836111089
Hcn1-202	Hcn1	ENSMUST00000207599	14.2857142857143	1.03520026414328	3.60354994341533	0.253750276120029	2.02842430143161	144	20.2863961813843	1.40814965479325	10.0169779286927	0.76989331222081	1.39244576494744e-05	0.892857142857143	FALSE	13.3333333333333	0.888045211073995	8.25396825396825	0.581242915089458	17.5	1.35567614053806	22.5641025641026	1.34894449548856	22.6991166015556	1.60202685973168	14.2871474362335	1.0509245465999
Atp11b-203	Atp11b	ENSMUST00000196700	14.781746031746	1.07453440966185	3.77032580856513	0.265927359020747	2.01460348355241	149	17.1837708830549	1.16212522222687	13.0730050933786	1.01222447678452	1.28272672793158e-05	1.58730158730159	FALSE	10	0.731174978683803	14.6031746031746	0.992366643820078	7.5	0.476852243155123	25.8974358974359	1.65542853760442	15.1479956358005	1.11244165169794	14.1939533282299	1.05103283179068
Gabrg2-201	Gabrg2	ENSMUST00000070725	11.3095238095238	0.787718626371337	2.80540830305557	0.196457452647106	2.0034579802842	114	22.1957040572792	1.50915699867374	3.56536502546689	0.274505251168099	0.000129750515672382	3.27380952380952	FALSE	20	1.52981578732641	31.7460317460317	2.10727141344036	8.33333333333333	0.540137724154093	36.1538461538462	2.28269216338554	10.0869320381516	0.701892271986967	9.0717728771021	0.648018843570546
Frmd4a-206	Frmd4a	ENSMUST00000132710	10.1190476190476	0.743328702677718	2.53737566263625	0.185391688325838	2.00341791089937	102	8.59188544152745	0.574476848965352	11.2054329371817	0.863445725946787	1.06856161151459e-05	0.694444444444445	FALSE	3.03030303030303	0.214347804934046	17.7777777777778	1.23316994138861	37.5	2.54244647655992	5.12820512820513	0.327690993461745	11.6407982261641	0.867689192541059	8.66762880003356	0.654669785694999
Vezt-204	Vezt	ENSMUST00000119818	15.4761904761905	1.11595034751908	3.95497051640955	0.280939616063946	1.98993701337242	156	19.3317422434368	1.30767225348305	12.7334465195246	0.979564135975955	3.98268866734654e-06	0.793650793650794	FALSE	9.6969696969697	0.709105871181918	9.20634920634921	0.620342766237525	40.8333333333333	2.918295713986	9.23076923076923	0.603427891749918	19.174321613346	1.42424650475114	14.1821210977234	1.03653476201859
Myo5a-201	Myo5a	ENSMUST00000123128	13.3928571428571	0.937869364106948	3.3236047411996	0.237664402122448	1.98045662207009	135	23.3890214797136	1.5637351898616	6.28183361629881	0.492643929486914	5.0277087813405e-05	2.28174603174603	FALSE	19.6969696969697	1.43854999248804	15.2380952380952	1.02608486885178	8.33333333333333	0.52816461176138	33.5897435897436	2.22883298098533	12.7230493084152	0.903201062837191	11.6937261214403	0.834618914022038
Disp2-201	Disp2	ENSMUST00000037547	22.5198412698413	1.59177867591025	5.71207338138067	0.408303110816591	1.96292466312332	227	41.7661097852029	2.88182181821259	8.82852292020374	0.674073961776656	5.58220212185037e-05	4.96031746031746	FALSE	19.6969696969697	1.38506696294986	45.0793650793651	3.25159455705681	35.8333333333333	2.42850776373679	52.8205128205128	3.62613800088329	26.9946855312709	1.91056220082787	17.7266431420252	1.27230610723985
Hcn1-201	Hcn1	ENSMUST00000006991	14.3849206349206	1.04402381188849	3.81201977485258	0.268080390992224	1.9614130163559	145	19.5704057279236	1.34223813679803	10.6960950764007	0.831881533217689	4.50163258489812e-05	4.06746031746032	FALSE	9.6969696969697	0.675914297752966	25.7142857142857	1.72908445642534	17.5	1.30080403091724	25.1282051282051	1.63848843080945	25.2296484003801	1.7950146639284	13.0961993547327	0.967852199979029
Cers4-201	Cers4	ENSMUST00000008350	12.3015873015873	0.876237828499247	3.12109119066055	0.226095066604051	1.95438825204989	124	16.945107398568	1.14288767572216	8.99830220713073	0.686549736841521	1.55787118616003e-05	1.78571428571429	FALSE	16.3636363636364	1.18739777664418	16.1904761904762	1.08018433330179	5.83333333333333	0.390156713620662	28.4615384615385	1.88289072327685	18.8751627776018	1.33738865296761	9.49946344242755	0.689054251258621
Tmem179-201	Tmem179	ENSMUST00000066791	17.8571428571429	1.27143132267008	4.61016141521234	0.328238540592603	1.95363372531728	180	31.2649164677804	2.13604909978077	8.31918505942275	0.656363667985236	7.0785399395954e-05	2.57936507936508	FALSE	26.0606060606061	1.90302159902099	32.3809523809524	2.15310455337626	13.3333333333333	0.854712630626554	28.4615384615385	1.88347719927536	24.5028684053074	1.72022290335864	14.8748396444389	1.0882854381225
Gdap1-201	Gdap1	ENSMUST00000026879	14.9801587301587	1.0637332943632	4.01453332539163	0.28280502180243	1.91125308625583	151	21.7183770883055	1.44565977392429	10.1867572156197	0.79204026391142	3.50099958144828e-05	1.78571428571429	FALSE	6.66666666666667	0.475375379712886	31.1111111111111	2.06493126425023	16.6666666666667	1.08257587086171	44.3589743589744	2.71109668948398	22.0216098264879	1.54365506773308	10.9904643058134	0.813323916989435
Tmem240-203	Tmem240	ENSMUST00000176526	10.218253968254	0.70619124950377	2.68628268509143	0.188368411244519	1.90649627857266	103	18.6157517899761	1.24418178665463	4.24448217317487	0.323478116963512	1.28994182312234e-05	1.09126984126984	FALSE	10	0.720652314613941	7.61904761904762	0.47177544324995	8.33333333333333	0.510941838016104	14.3589743589744	0.949677674634111	12.1071340583536	0.840764935688658	9.13606365984697	0.648089866809581
Celf4-202	Celf4	ENSMUST00000115816	14.8809523809524	1.04283252927967	3.88349514563107	0.281306393603438	1.89028949777211	150	24.3436754176611	1.63334133029866	8.14940577249576	0.622759205634589	4.98506584648609e-05	2.57936507936508	FALSE	12.4242424242424	0.914260660959658	22.8571428571429	1.57315075703763	30.8333333333333	2.08352382405174	36.9230769230769	2.61412769171253	15.3204519058178	1.03873340136463	11.5281491734916	0.821938682997037
Kcnk9-201	Kcnk9	ENSMUST00000044624	12.202380952381	0.874300211315062	3.27595449401394	0.23656243082057	1.88590332604077	123	19.3317422434368	1.32588690132195	7.13073005093379	0.553052633873832	4.51058140037661e-06	0.694444444444445	FALSE	16.0606060606061	1.15411961304084	10.7936507936508	0.75630733490787	24.1666666666667	1.80875783513192	10.2564102564103	0.664428490971236	10.2505895188822	0.72113536561508	10.9606434146734	0.797550345618807
Gabbr2-201	Gabbr2	ENSMUST00000107749	18.0555555555556	1.28961851370107	4.91393174102091	0.350705594297498	1.87860901629164	182	35.799522673031	2.49910373410593	5.43293718166384	0.429220708353641	4.68406378656385e-05	4.16666666666667	FALSE	6.66666666666667	0.538791700913719	31.1111111111111	2.17345231375274	40	2.80046273502242	51.025641025641	3.47116375909487	19.7216063069722	1.40182598239429	13.4838534621072	0.969512218275728
Nat8l-201	Nat8l	ENSMUST00000056355	15.7738095238095	1.09683465012714	4.18726547143963	0.299042476429346	1.87492021751347	159	29.3556085918854	1.97324814817076	6.11205432937182	0.473375811960286	2.442367745863e-05	2.28174603174603	FALSE	19.3939393939394	1.37609228385854	13.6507936507937	0.921295444912832	10.8333333333333	0.700586911852584	49.4871794871795	3.22516918548651	25.5851194875585	1.78565837006961	12.4823914738031	0.884134106332296
Gm45159-201	Gm45159	ENSMUST00000208630	15.6746031746032	1.15337364537436	4.21704687593067	0.314554696661316	1.87447381812619	158	16.2291169451074	1.10752003618573	15.2801358234295	1.18599276634217	5.08628071025306e-06	1.48809523809524	FALSE	6.66666666666667	0.504674707507719	20.952380952381	1.53639969069767	6.66666666666667	0.424450623562118	36.9230769230769	2.38910915271244	22.7571886108472	1.65509832102565	14.2862036541843	1.07004946522493
Kcnma1-205	Kcnma1	ENSMUST00000145596	28.968253968254	2.14597550034651	8.04693549347787	0.586662211582128	1.87102984627392	292	48.2100238663485	3.47286289046884	15.2801358234295	1.20206070160074	2.31558162580629e-05	3.37301587301587	FALSE	12.7272727272727	0.908146799636773	33.3333333333333	2.28329572325376	23.3333333333333	1.67509319199647	72.3076923076923	5.23408369138507	26.8609439341147	1.90570447105439	25.5524751558114	1.92487772151278
Ube3a-206	Ube3a	ENSMUST00000201162	13.1944444444444	0.956167392260472	3.77628208946334	0.264986503993694	1.85134038762407	133	14.5584725536993	0.991355919476031	12.2241086587436	0.93113514624465	1.28499990251148e-05	0.694444444444445	FALSE	3.33333333333333	0.244384336930338	16.8253968253968	1.17463301809473	27.5	1.85596434283485	17.6923076923077	1.2233702886974	8.84630274874177	0.660488973185756	11.527214130165	0.850340958703769
Ptpn4-201	Ptpn4	ENSMUST00000064091	20.9325396825397	1.52753311036119	6.152838167848	0.43178495535586	1.82281637339217	211	33.890214797136	2.39950472206266	11.7147707979626	0.907234120033664	4.30323856583674e-05	3.17460317460317	FALSE	19.0909090909091	1.43937889130554	28.2539682539683	2.01137447238593	24.1666666666667	1.72736834545	33.5897435897436	2.24069464568106	18.1730193925316	1.2344853839176	16.6655393714412	1.2413352879222
Cdr1-201	Cdr1	ENSMUST00000166381	15.4761904761905	1.13528673501155	4.39573530287688	0.322248559746967	1.81680769755058	156	19.0930787589499	1.28969345494031	12.9032258064516	1.02544562185341	0.000341760272800242	2.87698412698413	FALSE	3.33333333333333	0.266426753512404	13.015873015873	0.917423580750321	8.33333333333333	0.53742608533731	44.6153846153846	2.87283054991217	11.4577834090029	0.831876781334767	14.9565204853137	1.12559080532105
Cadm3-202	Cadm3	ENSMUST00000111220	15.0793650793651	1.05132861657209	4.22895943772708	0.298930063141933	1.81433033283779	152	30.5489260143198	2.08138572955991	4.07470288624788	0.318571519217421	6.4298812891421e-05	3.76984126984127	FALSE	16.0606060606061	1.14718306081974	23.8095238095238	1.54512881189005	14.1666666666667	0.947992759659505	57.948717948718	3.95454639085714	17.3072185267307	1.26258527280253	11.1271466672259	0.788352583551241
Pclo-204	Pclo	ENSMUST00000182915	18.0555555555556	1.27539399715086	5.27130859491334	0.367226923632418	1.79619645814529	182	26.491646778043	1.77987876280278	12.0543293718166	0.916516039921395	2.14351695660911e-05	2.28174603174603	FALSE	19.6969696969697	1.48313258426684	27.3015873015873	1.82295876614994	11.6666666666667	0.741609191633918	36.1538461538462	2.33771113811257	17.9037764403618	1.2843320565694	15.96262273536	1.14593033326013
B230334C09Rik-201	B230334C09Rik	ENSMUST00000200255	25.8928571428571	1.90237647639763	7.51682649353744	0.554823279513955	1.7777007116631	261	31.9809069212411	2.1919775407936	21.5619694397284	1.69636145775261	2.19251402571065e-05	2.77777777777778	FALSE	25.1515151515152	1.8913650031122	29.5238095238095	2.06402985038171	25.8333333333333	1.79072923789514	27.6923076923077	1.84835222912369	28.7896385457361	2.10390126510276	20.6564135233481	1.54622242608584
Reep2-201	Reep2	ENSMUST00000043484	10.7142857142857	0.749575576960792	3.04961581988207	0.219456209453326	1.7721362064714	108	17.6610978520286	1.17790140000407	5.77249575551783	0.444875203692311	4.90470313059715e-05	1.68650793650794	FALSE	3.33333333333333	0.240682059207388	12.0634920634921	0.802082486938968	10.8333333333333	0.702149804258223	39.2307692307692	2.35152994702399	10.6641326153521	0.744876082881241	9.08882649440897	0.654074899914178
Prkaa2-201	Prkaa2	ENSMUST00000030243	10.9126984126984	0.77211813329003	3.25808565131932	0.226850626845222	1.7670744578671	110	15.035799522673	1.00277512990975	7.97962648556876	0.608034463368701	2.41144899249453e-05	0.793650793650794	FALSE	6.66666666666667	0.481318013512968	12.0634920634921	0.856289461163796	9.16666666666667	0.579993875389386	16.6666666666667	0.961853695200556	16.9271108295499	1.20217469263613	8.92139693725247	0.643942014487824
Rora-201	Rora	ENSMUST00000034766	15.0793650793651	1.09418449633975	4.55655488712848	0.322082056853387	1.76435266272904	152	27.4463007159905	1.96743076017612	6.28183361629881	0.472978750079237	1.56660563759626e-05	1.78571428571429	FALSE	6.66666666666667	0.485451301463262	23.4920634920635	1.72279685770881	23.3333333333333	1.69524542200617	31.025641025641	2.14375460738173	10.067574701721	0.705373804527133	11.0951192486097	0.809230162071411
Slc35f1-201	Slc35f1	ENSMUST00000105473	13.3928571428571	0.944050794622812	3.96688307820597	0.280076159896878	1.75304167662794	135	25.7756563245823	1.77327025968533	4.58404074702886	0.354164621683604	7.07066041510287e-05	2.38095238095238	FALSE	48.4848484848485	3.51243477212205	36.8253968253968	2.55258984258249	6.66666666666667	0.425674146656768	9.23076923076923	0.636130497916389	14.7238939921867	1.01010431070836	10.9945234424975	0.792333976828529
Zranb2-205	Zranb2	ENSMUST00000152882	18.2539682539683	1.29476844148651	5.41425933647031	0.38661426291524	1.74372472233977	184	28.8782816229117	1.98003351410921	10.6960950764007	0.80728785501977	1.02185219022649e-05	0.892857142857143	FALSE	19.3939393939394	1.38422684276879	29.5238095238095	2.05460120454974	41.6666666666667	3.09465849189512	45.1282051282051	2.98835914153177	25.1768556646605	1.76731335028142	15.5671955341632	1.12225416831381
Zfp804a-201	Zfp804a	ENSMUST00000047527	10.1190476190476	0.706385455942559	3.03770325808565	0.211614870459063	1.7390098527658	102	17.6610978520286	1.18736615211157	4.75382003395586	0.364227711129631	7.42656176106885e-06	0.595238095238095	FALSE	19.6969696969697	1.47546974858123	7.61904761904762	0.53972796564885	16.6666666666667	1.10110339878135	30	1.97548284863877	6.46007109421744	0.440848320405782	7.44872991404592	0.528645790078412
Pcsk2-201	Pcsk2	ENSMUST00000028905	20.4365079365079	1.46073042348718	6.14688188694979	0.438465011182053	1.73615402435133	206	44.1527446300716	3.13199746036497	3.56536502546689	0.271832480445083	7.79976969803673e-05	3.37301587301587	FALSE	16.0606060606061	1.16713320591568	24.1269841269841	1.705484102882	41.6666666666667	3.06026793883626	37.948717948718	2.69168378187232	8.08608735438004	0.544123604212686	18.3385984137471	1.32428096609865
B3galnt1-201	B3galnt1	ENSMUST00000061826	10.1190476190476	0.686657707825142	2.9126213592233	0.206731969435938	1.73182472409691	102	22.673031026253	1.52967993262506	1.18845500848896	0.0869525937484637	4.49360851118969e-05	1.19047619047619	FALSE	13.3333333333333	0.909391814658037	23.8095238095238	1.56285637218848	40	2.98219693683534	31.025641025641	2.10633283248224	8.04737268151902	0.533213204439504	8.92732616058976	0.615129893665279
Adgrb3-204	Adgrb3	ENSMUST00000134022	11.1111111111111	0.799141268002207	3.38912383107987	0.244046626082405	1.71128964475301	112	12.4105011933174	0.838763131435151	10.1867572156197	0.770955256493883	2.63816217791339e-06	0.0992063492063492	FALSE	6.36363636363636	0.448532820285712	24.1269841269841	1.58050969040181	22.5	1.51721379296269	5.12820512820513	0.327690993461745	8.66328793158061	0.609253846195293	10.3133006854654	0.761908702249257
C230004F18Rik-206	C230004F18Rik	ENSMUST00000231449	27.9761904761905	2.04117326307706	8.64256358329859	0.624031985397996	1.70970516138307	282	43.6754176610979	3.09531156591269	16.8081494057725	1.29128540418379	1.71200813343106e-05	3.86904761904762	FALSE	9.6969696969697	0.704908168558877	30.7936507936508	2.10099067236978	19.1666666666667	1.28548405553117	75.6410256410257	5.33675570104121	24.560940414599	1.77530340048135	25.6587555010259	1.90954525632906
Atp11b-202	Atp11b	ENSMUST00000196409	22.3214285714286	1.59895333892404	7.00458633629162	0.490307597035452	1.70536677753316	225	33.6515513126492	2.31713902487191	14.2614601018676	1.08805384416656	8.68122396336963e-05	2.57936507936508	FALSE	15.7575757575758	1.16637983214503	43.4920634920635	2.97830939112827	33.3333333333333	2.23047536076899	39.4871794871795	2.60607834738971	22.7818252208496	1.68950711276051	18.2615316184464	1.32797536878295
Arfgef3-202	Arfgef3	ENSMUST00000215836	22.5198412698413	1.60163925590833	6.80207278575258	0.495581083239674	1.69235420485888	227	34.6062052505967	2.33163465432141	13.9219015280136	1.08233862443961	3.3284872841289e-05	3.17460317460317	FALSE	35.4545454545455	2.60472073880879	37.1428571428571	2.54559978958702	32.5	2.1885704441974	69.7435897435897	4.68523666728639	20.1597860134446	1.42245336347064	18.3575133789844	1.33490081002634
Ube3a-203	Ube3a	ENSMUST00000200758	40.9722222222222	3.05658515712043	13.3897194591697	0.952592050412557	1.68198930469785	413	46.5393794749403	3.25687361702683	37.0118845500849	2.91410491144847	2.44910160605429e-05	4.56349206349206	FALSE	38.4848484848485	2.90712169382481	53.6507936507937	3.79676001687576	44.1666666666667	3.17195632490512	62.0512820512821	4.31479569378363	47.5205011790378	3.50491723568401	34.5229356515417	2.61903246814669
Igsf9b-204	Igsf9b	ENSMUST00000214357	25.6944444444444	1.88556246916637	8.34474953838823	0.589387016548816	1.6777060802908	259	33.890214797136	2.34931839206473	19.8641765704584	1.55565800109437	1.08694706867747e-05	2.67857142857143	FALSE	6.06060606060606	0.508760836596221	20.3174603174603	1.44294174733653	38.3333333333333	2.58695851458904	61.2820512820513	3.9339826013771	15.3257311793897	1.12049792104395	23.9577369155105	1.7898492400572
Ogfrl1-202	Ogfrl1	ENSMUST00000186064	10.0198412698413	0.690231920244258	3.09726606706772	0.216509302557816	1.67264760722421	101	19.0930787589499	1.27002833252464	3.56536502546689	0.277779124411528	3.42392817176118e-06	0.297619047619048	FALSE	6.66666666666667	0.430808993769871	17.4603174603175	1.20401554238683	14.1666666666667	0.931351849251091	11.025641025641	0.719757205737264	13.4973427656354	0.922289093633899	7.50651908711807	0.532047605117836
Slitrk1-201	Slitrk1	ENSMUST00000100322	15.9722222222222	1.13078712694188	5.00327595449401	0.354716586636959	1.67258587542286	161	28.1622911694511	1.93981150184468	7.30050933786078	0.55526724055093	1.56271090872686e-05	1.09126984126984	FALSE	26.3636363636364	1.888380698555	13.015873015873	0.845815602591427	5.83333333333333	0.354546997434509	15.3846153846154	1.06100855807979	14.2909935592862	0.987483746524874	15.5451564755683	1.12348283509962
Lonrf2-202	Lonrf2	ENSMUST00000147695	12.202380952381	0.838614724625153	3.79415093215796	0.265794725502036	1.65769197843245	123	26.7303102625298	1.81336564500082	1.86757215619694	0.145201081777267	2.66869271503522e-05	2.38095238095238	FALSE	22.7272727272727	1.67508476306113	33.015873015873	2.170067590767	25.8333333333333	1.74171474856493	35.8974358974359	2.42882319765395	12.501319818393	0.865913474778573	9.98343575116312	0.693568311167081
Kif5a-201	Kif5a	ENSMUST00000099172	15.4761904761905	1.09404816401651	4.94966942641015	0.348036389722583	1.65236336242236	156	26.0143198090692	1.78263828003521	7.97962648556876	0.604202224098284	1.63893334078296e-05	1.58730158730159	FALSE	15.4545454545455	1.16160301167817	27.9365079365079	2.03678229745629	19.1666666666667	1.25527590044176	40.2564102564103	2.70634293519586	14.1326153521276	0.977104971000876	12.0419336346445	0.866131749877295
Ogfrl1-201	Ogfrl1	ENSMUST00000027343	12.0039682539683	0.837424477212538	3.75841324676872	0.266962149530275	1.64932019812763	121	22.4343675417661	1.51749344622334	4.58404074702886	0.353640270055446	5.91057979724096e-05	2.08333333333333	FALSE	9.39393939393939	0.647824030641615	16.1904761904762	1.07795084566499	17.5	1.18158285400183	27.6923076923077	1.98039649134943	6.63780663780664	0.446486810636424	9.64670655019697	0.687473716040903
Bsn-202	Bsn	ENSMUST00000124763	11.6071428571429	0.81328744640245	3.59759366251712	0.259330261333458	1.64897099135825	117	20.2863961813843	1.36489177450997	5.43293718166384	0.420889800431225	1.29293477548751e-05	1.98412698412698	FALSE	6.06060606060606	0.438189461854982	17.1428571428571	1.10720962506768	13.3333333333333	0.874947957207334	32.8205128205128	2.22169868723591	9.05747369162003	0.615335328270433	9.32367092766784	0.678639246267614
Gabrg2-204	Gabrg2	ENSMUST00000146198	11.4087301587302	0.783553415693009	3.56781225802609	0.250384450594894	1.64588273682808	115	24.3436754176611	1.65283942331403	2.20713073005093	0.165164897538157	6.11479384659478e-05	2.38095238095238	FALSE	26.0606060606061	1.87986508383134	17.4603174603175	1.1530846381988	22.5	1.63060039626655	14.3589743589744	0.960454333547988	12.6843346355541	0.858882809685041	9.46687237619852	0.65839420255205
Map2-212	Map2	ENSMUST00000128673	11.8055555555556	0.859721844204207	3.78819465125975	0.275042814469328	1.64421018330566	119	12.6491646778043	0.852107775395374	11.2054329371817	0.86513830401898	1.07849175904375e-05	0.892857142857143	FALSE	13.3333333333333	0.98550337855429	16.1904761904762	1.08414595015041	4.16666666666667	0.259794799772627	31.7948717948718	2.05084664186978	12.8479921162848	0.925443975429978	10.6811135229986	0.798328205864943
Diras2-201	Diras2	ENSMUST00000057442	14.3849206349206	1.00962508975158	4.59229257251772	0.326657905694422	1.62796421905236	145	31.5035799522673	2.18882709558598	2.20713073005093	0.170770012596048	7.6749958167752e-05	2.38095238095238	FALSE	16.3636363636364	1.18375889797427	16.8253968253968	1.11292705577849	30.8333333333333	2.19225031479958	41.2820512820513	2.78328713276227	10.8805828318023	0.717358476729176	12.5836951164522	0.909185405333762
Kcnb1-204	Kcnb1	ENSMUST00000207917	20.0396825396825	1.41487914570486	6.36130799928525	0.459298683651515	1.62317215274482	202	37.4701670644391	2.57596919097291	7.64006791171477	0.588908468341004	3.94812502557157e-05	4.26587301587302	FALSE	25.4545454545455	1.8956870394714	38.7301587301587	2.62446802136401	15	0.99503785802993	47.1794871794872	2.98353996233644	17.148840319572	1.23118291512884	16.6705335514519	1.20004442509958
Sorbs2-216	Sorbs2	ENSMUST00000136119	12.5	0.900490985201725	4.03835844898445	0.295589810701969	1.60711201571081	126	14.5584725536993	0.978930322861228	11.0356536502547	0.844691184727478	1.74807292089543e-05	1.28968253968254	FALSE	15.7575757575758	1.21488841672149	20.6349206349206	1.34150264806852	5	0.332318715249619	30.2564102564103	1.97511037392971	13.1225143420265	0.914205662144123	10.7279967701681	0.792022437903901
Snap25-201	Snap25	ENSMUST00000028727	40.6746031746032	3.1159982101633	13.6220144141998	1.03414794787893	1.59125087655214	410	70.4057279236277	5.34794642007619	19.5246179966044	1.52824557866331	0.000651889347073535	18.2539682539683	TRUE	35.1515151515152	2.60321074368302	60.952380952381	4.50049570752641	30	2.27528946463282	90.7692307692308	6.94999043581196	48.3282300355471	3.67413298652432	34.1754359748744	2.6386867727565
Gls-204	Gls	ENSMUST00000114513	15.7738095238095	1.12651954643155	5.30108999940437	0.374490465931863	1.58886887946853	159	24.1050119331742	1.63311764021184	9.8471986417657	0.766138219956269	2.09626109441903e-05	1.78571428571429	FALSE	6.66666666666667	0.492647876988182	18.4126984126984	1.22353032865274	14.1666666666667	0.942981567050898	40.2564102564103	2.74824117014995	13.7331503185162	1.00342255841678	13.7637197946051	1.0048269989731
Aak1-201	Aak1	ENSMUST00000003710	22.1230158730159	1.60228113911153	7.33218178569301	0.541690126618549	1.56458584471736	223	28.1622911694511	1.89925832856499	17.8268251273345	1.39101892793836	2.06123091244193e-05	3.76984126984127	FALSE	16.3636363636364	1.14718971992787	17.7777777777778	1.13628219555568	11.6666666666667	0.756879139995374	47.948717948718	3.22910617393449	30.2326399887376	2.21493008642532	19.5025045179196	1.44661926820911
Faim2-206	Faim2	ENSMUST00000231211	13.2936507936508	0.926033180344602	4.53868604443386	0.313615016082413	1.56206620655371	134	29.8329355608592	2.06112761824706	1.52801358234295	0.118555133687335	3.01654329401317e-05	1.78571428571429	FALSE	16.6666666666667	1.19705189041788	36.1904761904762	2.49122744274783	10	0.641786667230659	30.2564102564103	2.09893159955442	13.6803575827966	0.951576112725287	11.7294762359175	0.831040368081468
Kcnb1-201	Kcnb1	ENSMUST00000059826	10.1190476190476	0.695544286156347	3.3236047411996	0.235591693265089	1.56184965431437	102	18.854415274463	1.25870769030808	3.90492359932088	0.294923800011052	7.86858786898239e-06	1.09126984126984	FALSE	6.36363636363636	0.440345748144164	9.84126984126984	0.607690205800331	10	0.649482689298065	44.3589743589744	2.76244512710233	13.7137929820857	0.967504587946641	7.95381497677248	0.559554409407184
Opcml-203	Opcml	ENSMUST00000123779	18.9484126984127	1.35826942047968	6.46256477455477	0.461870417777124	1.55620756187275	191	33.1742243436754	2.31912319876897	8.82852292020374	0.674741860032796	1.47601737533602e-05	0.595238095238095	FALSE	3.33333333333333	0.209634568786633	17.1428571428571	1.20087075361215	34.1666666666667	2.43354918440506	33.5897435897436	2.19450442882011	23.8253616302397	1.67897344183915	16.4195530667673	1.20021614260376
Bsn-201	Bsn	ENSMUST00000035208	10.8134920634921	0.763700269626657	3.60950622431354	0.26032970157471	1.55266295905427	109	18.1384248210024	1.21952542384355	5.60271646859083	0.439437553808531	4.85017936057934e-06	1.09126984126984	FALSE	9.6969696969697	0.763647049722176	25.7142857142857	1.7887340831912	9.16666666666667	0.591155888719352	33.5897435897436	2.24189103169827	11.2800478654137	0.788313877290363	8.96584645015607	0.649401999514417
Gpi1-211	Gpi1	ENSMUST00000206603	16.0714285714286	1.16088631122099	5.55721007802728	0.397624982102022	1.54574399957875	162	18.3770883054893	1.23022590530602	14.4312393887946	1.11155984276322	4.22732390250893e-05	1.38888888888889	FALSE	3.33333333333333	0.243530799725008	21.5873015873016	1.51612787953019	7.5	0.481333832012803	17.6923076923077	1.16848402587572	23.5701967409285	1.68514148922108	13.4981194268796	0.996037772836924
Fut9-202	Fut9	ENSMUST00000108199	13.3928571428571	0.963726813885807	4.62207397700876	0.330212313796266	1.54522745380313	135	28.8782816229117	2.05809834030041	2.37691001697793	0.185218037030596	1.00531715110542e-05	1.19047619047619	FALSE	3.33333333333333	0.221174424983238	24.1269841269841	1.63607882132728	4.16666666666667	0.259718612537555	50.5128205128205	3.54031431920355	8.22510822510823	0.582907045904204	13.2204770993034	0.97368658103794
2900055J20Rik-201	2900055J20Rik	ENSMUST00000096572	20.5357142857143	1.48019183014681	7.07606170707011	0.508524827401197	1.54139217950722	207	38.6634844868735	2.72860068137301	7.64006791171477	0.59210471866332	0.000158425507033814	2.28174603174603	FALSE	19.0909090909091	1.4113812680514	45.0793650793651	3.19857339169856	25.8333333333333	1.85835118282387	66.4102564102564	4.29547510742111	25.1381409917995	1.86007957199166	17.6894030753313	1.29458250382166
Raph1-204	Raph1	ENSMUST00000140485	11.8055555555556	0.822430581271178	4.00857704449342	0.282821558056229	1.53999847015586	119	19.0930787589499	1.26476920167757	6.6213921901528	0.507761851304665	1.53146180697557e-05	1.38888888888889	FALSE	6.36363636363636	0.452060184999578	12.0634920634921	0.760723176531124	11.6666666666667	0.765058518451913	19.4871794871795	1.29350953016839	12.6843346355541	0.849885249660772	9.81320980274955	0.70643797354396
Nap1l2-201	Nap1l2	ENSMUST00000121720	17.5595238095238	1.22547376367139	6.01584370718923	0.424197281914087	1.53053009214622	177	37.2315035799523	2.56570372245358	3.56536502546689	0.272067392313599	6.50156515640033e-05	1.68650793650794	FALSE	19.0909090909091	1.35001644034829	32.3809523809524	2.17289519485456	33.3333333333333	2.3505693767803	69.7435897435897	4.7173445563749	14.7626086650477	0.99690859410503	14.4803474865686	1.03337799697587
Slc4a8-201	Slc4a8	ENSMUST00000023776	11.5079365079365	0.813885422672426	3.9907082017988	0.284133461919024	1.51825365855749	116	16.2291169451074	1.07689008185519	8.14940577249576	0.626790427430362	3.00358704484078e-05	1.88492063492064	FALSE	9.6969696969697	0.6827736827251	26.3492063492064	1.77473571107441	4.16666666666667	0.270219933949751	38.4615384615385	2.3037117884245	15.5615387322704	1.10885916619883	9.97193996147971	0.720199750480758
Scai-201	Scai	ENSMUST00000038874	18.452380952381	1.31035783441855	6.42087080826732	0.458549663877774	1.51480889305687	186	27.6849642004773	1.86776415475571	11.8845500848896	0.913832794993651	2.35915554464106e-05	2.28174603174603	FALSE	9.39393939393939	0.699935308105854	32.0634920634921	2.18650193289069	16.6666666666667	1.09708270592581	43.5897435897436	2.71994209902599	17.5043114067504	1.21846399526504	15.9250287503976	1.15881938261553
Gng2-204	Gng2	ENSMUST00000160013	13.7896825396825	0.958169289586222	4.72333075227828	0.336789844774807	1.50842915874343	139	27.9236276849642	1.90034263396439	3.73514431239389	0.287930526777302	0.000118710966178506	3.86904761904762	FALSE	23.030303030303	1.71099190568174	20	1.35893533517464	44.1666666666667	3.08080330305819	52.0512820512821	3.36676791978472	19.7409636434027	1.40321536460362	9.85266513564245	0.695230527302311
Scg2-201	Scg2	ENSMUST00000049972	12.9960317460317	0.914247819798846	4.4910357972482	0.321367819642478	1.50835689885027	131	29.8329355608592	2.08742386035586	1.01867572156197	0.0796794649713632	4.81073204936017e-05	2.08333333333333	FALSE	20	1.47433945322399	18.7301587301587	1.28096108545827	27.5	2.09925896439138	25.1282051282051	1.66276612404702	21.7998803364657	1.53441193753746	9.68338296927815	0.693514979698488
Cers6-201	Cers6	ENSMUST00000028426	10.6150793650794	0.755748709300852	3.68693787599023	0.26689028293892	1.50165633320885	107	15.9904534606205	1.06148395499975	6.7911714770798	0.538256234007409	8.1028735834004e-06	0.793650793650794	FALSE	3.33333333333333	0.275816732676629	21.5873015873016	1.48465360935193	41.6666666666667	2.92313913189436	5.8974358974359	0.373834356755792	18.9473128497519	1.35745834145632	7.98769500459657	0.587139054410562
Kcna2-201	Kcna2	ENSMUST00000038695	21.5277777777778	1.52786373110058	7.79677169575317	0.547118213644079	1.48158969453899	217	39.618138424821	2.74895657433418	8.65874363327674	0.659208550599942	1.74743046195589e-05	2.77777777777778	FALSE	9.39393939393939	0.683290420248478	37.1428571428571	2.63370146496358	18.3333333333333	1.24239386777368	52.8205128205128	3.35712135285183	22.1799880336466	1.59863235620265	18.4345539581171	1.32374104884475
Nktr-213	Nktr	ENSMUST00000182904	35.218253968254	2.63243914695589	13.2050747513253	0.946069396791456	1.47638128633476	355	32.4582338902148	2.19663520412581	37.1816638370119	2.94245926927474	3.82939400207141e-05	5.35714285714286	TRUE	22.7272727272727	1.70724596756609	31.7460317460317	2.2393403953176	35	2.45206052581848	47.6923076923077	3.01219125168547	43.0999894414529	3.21569367493222	31.8307886172894	2.43414949095514
Thsd7a-202	Thsd7a	ENSMUST00000119581	11.4087301587302	0.820555150166427	4.2468282804217	0.295294394051614	1.47444320604736	115	20.2863961813843	1.41766088086925	5.09337860780985	0.395788934267472	4.13046852017309e-06	0.892857142857143	FALSE	32.4242424242424	2.44573420345662	9.20634920634921	0.623471034315187	80	6.29258815773217	35.8974358974359	2.35878141921242	13.141871678457	0.894354650525539	7.54874459510002	0.556676526004402
Shank1-203	Shank1	ENSMUST00000107938	23.5119047619048	1.70445351813331	8.38048722377747	0.614673060254862	1.47141659438197	237	31.0262529832936	2.12218961527971	18.1663837011885	1.40728641337212	2.98100461699326e-05	4.96031746031746	FALSE	19.0909090909091	1.37324248735875	31.4285714285714	2.15599332280701	13.3333333333333	0.887154027196332	55.3846153846154	3.67573663825629	20.9393587442368	1.54437611161159	20.8729415938731	1.53972096789765
Chgb-201	Chgb	ENSMUST00000028826	34.6230158730159	2.68291641620617	12.7583536839597	0.96985981513853	1.46795302129518	349	75.1789976133652	5.82115457250584	5.77249575551783	0.450451581758692	7.34032730187267e-05	5.65476190476191	TRUE	42.1212121212121	3.27491291334769	47.9365079365079	3.41163434169419	51.6666666666667	3.69360444367558	93.3333333333333	7.21974716983015	36.0187238236019	2.69961274819456	30.8974580803473	2.46917168583546
Zcchc18-203	Zcchc18	ENSMUST00000113067	10.1190476190476	0.704627407361267	3.70480671868485	0.256974614756354	1.45523117486683	102	17.4224343675418	1.17102963301025	4.92359932088285	0.372840425108425	3.12211595460354e-05	1.58730158730159	FALSE	6.66666666666667	0.477112900429051	22.8571428571429	1.54551918016813	10	0.663147838926926	31.025641025641	1.97378128736193	10.067574701721	0.682068315619751	8.00382231729953	0.574145083056284
Sept3-201	Sept3	ENSMUST00000023095	16.9642857142857	1.20017721910835	6.11710048245875	0.439102538401415	1.45061558790524	171	24.8210023866348	1.66982766893385	11.3752122241087	0.866079530692593	9.14308580663942e-05	3.86904761904762	FALSE	16.3636363636364	1.17121477024003	25.0793650793651	1.72602257900639	30	1.99416507570145	42.0512820512821	2.82434209772208	12.9254214620068	0.890567856356755	14.8574233701408	1.07480466409505
Adcy1-201	Adcy1	ENSMUST00000020706	23.015873015873	1.67132650298676	8.14819226874739	0.612307898330832	1.44866290847757	232	35.5608591885442	2.46212095878505	14.0916808149406	1.10877492916761	4.18477618265278e-05	4.16666666666667	FALSE	6.66666666666667	0.442666938714923	38.0952380952381	2.75830161941732	15	0.956467606065397	59.4871794871795	4.28267121462719	30.5687537394855	2.25466100167147	19.6351277426481	1.45552809029513
Myt1l-202	Myt1l	ENSMUST00000049784	10.3174603174603	0.715191282673763	3.71671928048127	0.26375443033584	1.43913037202418	104	18.1384248210024	1.21089636926774	4.75382003395586	0.362558971497406	1.196055384439e-05	1.28968253968254	FALSE	9.39393939393939	0.666407989933623	12.3809523809524	0.887521895159313	7.5	0.476964943637167	17.6923076923077	1.17850101263506	8.04737268151902	0.561906321048088	9.25347713775373	0.651593382447008
Klhl29-201	Klhl29	ENSMUST00000020958	10.3174603174603	0.728969064029192	3.70480671868485	0.269508292799339	1.43552455128659	104	16.7064439140811	1.12714523725431	5.77249575551783	0.445716404298589	6.02936566729802e-06	0.793650793650794	FALSE	3.03030303030303	0.214347804934046	22.5396825396825	1.57753310154187	10.8333333333333	0.70418990052284	10.2564102564103	0.707009916142752	13.6750783092247	0.929292766896168	8.30979558379911	0.60604336434638
Unc13a-201	Unc13a	ENSMUST00000030170	15.3769841269841	1.1122032948311	5.67037941509322	0.411872858708007	1.43314734573565	155	16.7064439140811	1.1152195017084	14.4312393887946	1.11005764002364	9.61742780939771e-06	1.28968253968254	FALSE	9.6969696969697	0.755372595260992	16.1904761904762	1.04512005167109	14.1666666666667	0.905314527553962	5.8974358974359	0.410759558500443	14.3737021785802	1.075374341891	13.7453859544258	1.01697179448176
Dmxl2-208	Dmxl2	ENSMUST00000154092	10.8134920634921	0.758782855991903	3.9073202692239	0.280996872572552	1.43312977618117	109	15.9904534606205	1.05904601852165	7.13073005093379	0.545183085024222	4.96539899491642e-05	1.48809523809524	FALSE	3.33333333333333	0.23303236992829	9.20634920634921	0.624628857713225	11.6666666666667	0.742474897597736	11.025641025641	0.729886736380891	11.1163903846831	0.763470026884899	9.28607694270544	0.671513159321423
Pgm2l1-202	Pgm2l1	ENSMUST00000084935	20.4365079365079	1.45696244164938	7.49895765084281	0.540008305115394	1.43190850527515	206	37.708830548926	2.62099204124142	8.14940577249576	0.628900638204456	2.28454287848507e-05	1.98412698412698	FALSE	13.030303030303	0.907360691968112	39.6825396825397	2.73993633474978	20	1.34755860312454	57.1794871794872	3.77026054116533	12.6649772991236	0.903881679873221	18.1472597113425	1.32137822858503
CT025619.1-201	CT025619.1	ENSMUST00000098868	15.5753968253968	1.15446373699743	6.05753767347668	0.428268575214391	1.43063301162705	157	13.6038186157518	0.92162403100302	16.9779286926995	1.3201001322634	3.88371160093532e-05	1.68650793650794	FALSE	22.1212121212121	1.64838337126181	37.7777777777778	2.69074525068771	52.5	3.96252653368848	39.2307692307692	2.65460636388606	22.165909970788	1.63795662822599	13.3521478032599	1.0103950473478
Lynx1-201	Lynx1	ENSMUST00000023259	10.6150793650794	0.735742378112188	3.81797605575079	0.273279303380359	1.42882117091116	107	20.0477326968974	1.3387863569419	3.90492359932088	0.306751839691729	3.23090739422043e-05	1.78571428571429	FALSE	10	0.790717138832062	13.3333333333333	0.856777776837826	11.6666666666667	0.756991799380276	47.6923076923077	3.06189344746805	7.29243656072924	0.473561645846063	8.29517570075817	0.592297610737495
Tmx4-201	Tmx4	ENSMUST00000038228	26.8849206349206	1.93419840687223	10.1078086842575	0.71867339522273	1.42832634550546	271	50.5966587112172	3.57279758359367	10.0169779286927	0.768539569781755	7.61364983944496e-05	6.54761904761905	TRUE	26.0606060606061	1.86522156871651	37.1428571428571	2.72296051228814	55	3.90236385288425	67.1794871794872	4.42991282234936	37.6060254109035	2.67900356926904	21.798643225917	1.5988429889954
Unc5c-208	Unc5c	ENSMUST00000200114	11.1111111111111	0.82640449381036	4.49699207814641	0.309397434467429	1.41738394816054	112	7.15990453460621	0.462549956855501	13.9219015280136	1.08524159225533	1.78086935747486e-05	1.09126984126984	FALSE	3.33333333333333	0.221174424983238	11.1111111111111	0.785752489916542	6.66666666666667	0.444954565980232	20	1.22313230147702	15.1233590257981	1.0961280624797	9.6178119636609	0.73646344588236
Kcnh7-201	Kcnh7	ENSMUST00000075052	14.2857142857143	1.00953041040432	5.40234677467389	0.380067370924142	1.40935492411949	144	22.9116945107399	1.55044028427688	8.14940577249576	0.624740534084106	1.72498886872895e-05	2.28174603174603	FALSE	10	0.677122135942535	20.952380952381	1.45525718807894	10.8333333333333	0.678838565140898	47.948717948718	3.22613996549323	12.2707915390842	0.839073247030642	11.6340843391603	0.84822350371578
Ggt7-201	Ggt7	ENSMUST00000029131	10.6150793650794	0.75512747190159	4.01453332539163	0.284318155313811	1.40921081427599	107	13.3651551312649	0.887645827423861	8.65874363327674	0.660857198618344	2.71863177120786e-05	1.28968253968254	FALSE	12.7272727272727	1.05180510869596	24.1269841269841	1.64420254376336	7.5	0.468082097482978	21.7948717948718	1.37270696450236	11.2800478654137	0.833877945063415	8.6800421555982	0.628349553008944
Tanc2-202	Tanc2	ENSMUST00000100330	10.8134920634921	0.750254288549952	3.93114539281673	0.28306875058292	1.40622399530317	109	19.0930787589499	1.28516271669335	4.92359932088285	0.369733691958977	7.23317869713811e-06	1.09126984126984	FALSE	6.06060606060606	0.435026880190634	5.3968253968254	0.368683255185414	25.8333333333333	1.69380707915011	33.5897435897436	2.32027179343039	9.05747369162003	0.623636439856337	9.8315436429288	0.700389041934616
Ogt-201	Ogt	ENSMUST00000044475	17.3611111111111	1.25946659562388	6.68890344868664	0.475603031595068	1.4049811543127	175	18.6157517899761	1.23900557422056	16.4685908319185	1.27402205906698	1.29039204124325e-05	1.09126984126984	FALSE	15.7575757575758	1.22771959500724	17.1428571428571	1.17008156737629	49.1666666666667	3.30736759298225	45.8974358974359	2.95690091905017	11.2413331925527	0.799394947880097	14.7657541692446	1.09940462609596
Ntrk3-201	Ntrk3	ENSMUST00000039431	24.3055555555556	1.80261280696318	9.26201679671213	0.685973231534196	1.393864058027	245	33.1742243436754	2.34206639918428	17.9966044142615	1.41885889331183	1.78281288771829e-05	4.16666666666667	FALSE	13.030303030303	0.962352878487798	26.6666666666667	1.91104753663587	42.5	3.08590229555458	52.8205128205128	3.46042981612073	14.5127230493084	1.06475273044688	24.7852764757081	1.86724005433546
Shc3-202	Shc3	ENSMUST00000221850	12.8968253968254	0.900544414432888	4.80076240395497	0.343579485106964	1.39015093722672	130	19.8090692124105	1.31790087876759	7.97962648556876	0.603647371043689	1.76616391883955e-05	0.892857142857143	FALSE	9.6969696969697	0.720440807222134	10.7936507936508	0.72419884471178	14.1666666666667	0.933654646248135	33.5897435897436	2.13529845720431	14.8681941364868	1.03669273859387	9.78025607952937	0.697006196532831
Megf8-202	Megf8	ENSMUST00000153077	10.0198412698413	0.726148648175501	3.88945142652928	0.278554726926544	1.3823009187431	101	12.1718377088305	0.815630951958672	8.48896434634975	0.662493155331445	1.42601780422157e-05	1.09126984126984	FALSE	3.33333333333333	0.240682059207388	21.9047619047619	1.45414875316064	5.83333333333333	0.389634407666323	7.69230769230769	0.48896499698002	18.567205152571	1.3233680209345	8.40889269897198	0.630955093296187
Fut9-201	Fut9	ENSMUST00000084770	24.3055555555556	1.75937027479369	9.34540472928703	0.67586504932367	1.3802507119575	245	46.7780429594272	3.32485705940732	8.31918505942275	0.645721781155137	5.39808755618281e-05	5.25793650793651	TRUE	22.7272727272727	1.6348911240795	40.3174603174603	2.76530151663726	15.8333333333333	1.06891506752378	75.6410256410257	5.1187812528096	19.543870763383	1.39404135766874	22.5578416054082	1.67305579257766
Tmem108-202	Tmem108	ENSMUST00000186455	12.1031746031746	0.850527976498558	4.43147298826613	0.32744976889234	1.37708236894067	122	21.2410501193317	1.43666700080628	5.60271646859083	0.433563203688817	2.21655951053067e-05	0.496031746031746	FALSE	9.09090909090909	0.722188570427122	20	1.35160362589628	15	0.980606199794566	25.8974358974359	1.75617644941244	7.86963713792982	0.549044141440391	10.1893855978859	0.734766050039731
Camk4-201	Camk4	ENSMUST00000042868	14.3849206349206	1.02153937706919	5.50360354994342	0.394719318113417	1.37184354012603	145	26.2529832935561	1.81656823754054	5.94227504244482	0.455975552727088	1.39072715813787e-05	1.78571428571429	FALSE	10	0.733797288344995	17.4603174603175	1.20327182474735	14.1666666666667	0.911012251887941	37.948717948718	2.50656821446672	8.42748037869989	0.581701123817517	12.6787156174956	0.92604414075178
Fam126b-207	Fam126b	ENSMUST00000161600	15.8730158730159	1.11023189781821	6.13496932515337	0.429726249055653	1.36936918141327	160	26.491646778043	1.77919075710004	8.31918505942275	0.634351147327404	3.46031001309824e-05	2.18253968253968	FALSE	6.36363636363636	0.453711445184879	37.4603174603175	2.48079951418646	34.1666666666667	2.45494104492304	41.2820512820513	2.59017766372312	12.9201421884349	0.913868029966242	12.2515974385056	0.878944999734299
Fndc5-201	Fndc5	ENSMUST00000102600	16.468253968254	1.16244395033659	6.35535171838704	0.450065439084883	1.36895250262346	166	32.4582338902148	2.23786315037667	5.09337860780985	0.397417388678207	4.57529382162676e-05	2.08333333333333	FALSE	19.3939393939394	1.35393359936563	27.9365079365079	1.91979814286787	16.6666666666667	1.07915118784658	53.5897435897436	3.61146789165189	22.9542814908669	1.65214508995127	12.5383192989447	0.911639693711633
Opcml-202	Opcml	ENSMUST00000115243	22.3214285714286	1.6161713249138	8.7319077967717	0.626246414364796	1.3677763872634	225	37.2315035799523	2.61832560060092	11.7147707979626	0.903263614365584	5.37578141119387e-05	4.56349206349206	FALSE	9.6969696969697	0.703887657350577	22.2222222222222	1.5898937839055	16.6666666666667	1.15897333872511	53.5897435897436	3.72811675849543	28.9814521521839	2.11816529230155	19.5121302209499	1.4234234804046
Bicd1-209	Bicd1	ENSMUST00000203502	15.5753968253968	1.10642705793032	6.17666329144082	0.430121025357752	1.36309173269167	157	19.5704057279236	1.3162764447267	12.7334465195246	0.957145405862948	1.28468745910317e-05	1.28968253968254	FALSE	6.36363636363636	0.500319020369786	25.0793650793651	1.65142230400415	26.6666666666667	1.80856636688819	13.5897435897436	0.86778251606673	23.7672896209482	1.67277544999048	12.9489475082406	0.943096322954357
Atrnl1-201	Atrnl1	ENSMUST00000077282	12.797619047619	0.903992407194588	4.84245637024242	0.352953676886534	1.35682931304512	129	24.582338902148	1.70977795115638	4.41426146010187	0.330776544851648	3.37729805437555e-05	2.28174603174603	FALSE	19.3939393939394	1.4710606086642	12.0634920634921	0.766819962279972	9.16666666666667	0.608916579980035	35.3846153846154	2.24004856110167	13.0837996691655	0.915364036565768	11.2014083325468	0.805835339666918
Lsamp-202	Lsamp	ENSMUST00000099761	22.0238095238095	1.59735237150534	8.8212520102448	0.625215787924863	1.35325508325989	222	36.9928400954654	2.57532081248665	11.3752122241087	0.901649864253771	7.70696214499177e-05	6.15079365079365	TRUE	9.6969696969697	0.700496100448929	26.6666666666667	1.84288534308445	20.8333333333333	1.40028598912153	56.9230769230769	3.91733917030789	36.8070953436807	2.75572078472055	17.4517622508153	1.28760940058915
Sult4a1-201	Sult4a1	ENSMUST00000082365	12.6984126984127	0.865462304162478	4.76502471856573	0.33899955091535	1.35218503238566	128	25.2983293556086	1.66704418893003	3.73514431239389	0.295236820770957	9.93783055987349e-05	3.17460317460317	FALSE	16.0606060606061	1.17449525455112	23.4920634920635	1.54096734689235	15	0.964959918890567	27.6923076923077	1.66205506128198	10.4863970717629	0.70380304705653	9.65912864448429	0.676158734251397
Hivep1-201	Hivep1	ENSMUST00000060148	10.9126984126984	0.754828813256351	4.18130919054143	0.296157817429059	1.34978036609038	110	19.0930787589499	1.27358371528385	5.09337860780985	0.385799434734241	9.49955923867805e-06	0.793650793650794	FALSE	0	0	28.2539682539683	1.92344515577955	9.16666666666667	0.59972227420218	26.9230769230769	1.65024545258843	8.86038081160032	0.606670639618739	9.57186375981795	0.678331763708748
Atxn1-201	Atxn1	ENSMUST00000091628	15.9722222222222	1.11868456579444	6.14688188694979	0.440547785034359	1.34443089545039	161	26.0143198090692	1.75477872705595	8.82852292020374	0.666182946832521	1.47210352006027e-05	2.38095238095238	FALSE	16.3636363636364	1.14003981264095	29.2063492063492	1.99631284497492	20	1.33968529285708	22.8205128205128	1.49398278102892	18.5196916904234	1.33637739719075	10.978042211526	0.783024640221073
Sv2a-201	Sv2a	ENSMUST00000035371	43.452380952381	3.30573261696197	18.4704270653404	1.30602486662131	1.33978700327944	438	71.3603818615752	5.33203176632053	23.5993208828523	1.86427362955749	0.000158326701205303	11.8055555555556	TRUE	38.7878787878788	2.94190054040358	66.031746031746	5.05087022512199	61.6666666666667	4.42014523808483	73.8461538461538	5.60087403448148	51.9938056523422	4.04383527291608	37.7572068245929	2.89221560615542
Scrn1-201	Scrn1	ENSMUST00000019268	10.0198412698413	0.706462279585572	4.05622729167908	0.279345300040257	1.33855986254894	101	15.035799522673	0.992415030725845	6.45161290322581	0.503042580557092	3.4108310856645e-05	1.88492063492064	FALSE	6.66666666666667	0.502232475573445	14.9206349206349	0.984281529781808	8.33333333333333	0.527264047964885	27.6923076923077	1.64672588368881	20.140428677014	1.47209028809076	6.75916167685602	0.490151108485206
Fam69b-201	Fam69b	ENSMUST00000074240	15.8730158730159	1.0994804017268	6.22431353862648	0.438150050937024	1.32732297608359	160	34.1288782816229	2.33783599111606	2.88624787775891	0.218544931516103	4.08351706239024e-05	1.98412698412698	FALSE	22.4242424242424	1.59496601251861	19.047619047619	1.22087776182025	43.3333333333333	3.0679353306623	33.5897435897436	2.23979883985007	22.574173793686	1.58275891592169	12.8874618554755	0.909110273673256
Syp-201	Syp	ENSMUST00000069520	32.6388888888889	2.4481761995213	13.0680802906665	0.976677378460195	1.32575252030451	329	66.109785202864	4.92081456964185	8.82852292020374	0.689202554223319	0.000125193307446773	10.1190476190476	TRUE	32.7272727272727	2.48954113989936	60.952380952381	4.53047551295792	60.8333333333333	4.51883246468915	64.6153846153846	4.75003104808892	36.0961531693239	2.71374843524436	26.7359953230356	2.01121303880092
Sacs-203	Sacs	ENSMUST00000119943	23.4126984126984	1.70270760739024	9.36327357198165	0.679421442498179	1.32545078205801	236	29.3556085918854	1.99962954224101	19.1850594227504	1.49148470297177	5.77703716378543e-06	1.58730158730159	FALSE	19.6969696969697	1.47846838845271	22.2222222222222	1.55596376447582	15	1.00795992988697	62.0512820512821	4.14283252783183	24.5468623517404	1.77162590188589	20.1572576839589	1.4918071360483
Trank1-202	Trank1	ENSMUST00000196945	22.9166666666667	1.68711826874952	8.85698969563405	0.67758931982971	1.31607679737666	231	29.3556085918854	2.02540135904429	18.3361629881155	1.44647206359925	2.27442453729034e-05	1.98412698412698	FALSE	22.4242424242424	1.84745443446998	32.6984126984127	2.30498584780833	58.3333333333333	4.10620326427214	53.5897435897436	3.37806029595366	22.0022524900574	1.65163393312419	20.9614692239665	1.56118546157614
Smg1-201	Smg1	ENSMUST00000032891	12.3015873015873	0.87440614214729	4.9079754601227	0.351276324099055	1.31569473527329	124	14.0811455847255	0.925940629938422	11.0356536502547	0.837745784958013	4.78519763392925e-06	1.19047619047619	FALSE	9.6969696969697	0.745875090686693	17.7777777777778	1.12766411522416	25.8333333333333	1.70794685942032	16.6666666666667	0.961853695200556	13.9355224721078	0.995436957998408	10.3990406630244	0.762571920098614
Rnf150-201	Rnf150	ENSMUST00000078525	11.5079365079365	0.800156894633313	4.51486092084103	0.321510350293553	1.31541504434158	116	20.0477326968974	1.33091096836502	5.43293718166384	0.422591602793607	9.42978703704881e-06	1.38888888888889	FALSE	12.7272727272727	0.944714093643735	8.57142857142857	0.549592704696724	18.3333333333333	1.18149496635323	25.1282051282051	1.7193005292957	7.85027980149931	0.534725424288926	9.38517405787831	0.674676848708113
Mapk8ip2-201	Mapk8ip2	ENSMUST00000023291	10.6150793650794	0.763934742648883	4.28256596581095	0.308162666721224	1.3097545186848	107	13.126491646778	0.873096756902037	8.82852292020374	0.686279591592735	2.36257422832648e-05	1.88492063492064	FALSE	3.03030303030303	0.235771122366723	14.6031746031746	1.02126613046863	10.8333333333333	0.69605112624965	5.8974358974359	0.385983259889574	10.5057544081934	0.757012637822367	9.09659958823139	0.672300584317118
Ttc14-211	Ttc14	ENSMUST00000200271	14.6825396825397	1.06536236020762	6.11114420156055	0.43117357354818	1.30500156025357	148	14.7971360381862	0.999459567036493	14.6010186757216	1.11224397368588	7.21399831213692e-06	0.892857142857143	FALSE	0	0	13.968253968254	1.01675995558015	9.16666666666667	0.599378779069896	11.025641025641	0.70592151953843	10.2893041917432	0.746899854913173	14.0771122366586	1.03660295741807
Tspyl4-201	Tspyl4	ENSMUST00000047935	19.7420634920635	1.38685337216638	8.07671689796891	0.564786492954764	1.29603625814601	199	39.1408114558473	2.67704034421845	5.94227504244482	0.469046341114057	0.000175343746222484	5.35714285714286	TRUE	13.3333333333333	0.880361661226143	33.6507936507936	2.25569360411525	20.8333333333333	1.40358972845088	60.5128205128205	3.96007748220748	28.601344455003	2.02662985356315	14.6918638996375	1.05378711916558
Nktr-205	Nktr	ENSMUST00000182225	14.9801587301587	1.10759683334536	6.38513312287808	0.452155488799508	1.29254006389858	151	12.4105011933174	0.826742550967961	16.8081494057725	1.30738960807562	2.62131701089984e-06	0.496031746031746	FALSE	12.7272727272727	0.86148948643581	16.1904761904762	1.05995969728566	7.5	0.500262213648308	11.025641025641	0.732279607964227	16.3551895259212	1.22266337212944	13.6953786138988	1.04211570665977
Paqr9-201	Paqr9	ENSMUST00000079597	12.4007936507937	0.86951627416107	4.89606289832629	0.355374755308155	1.29086942876552	125	21.2410501193317	1.43665816605296	6.11205432937182	0.466065590455292	1.61970728409964e-05	1.48809523809524	FALSE	3.33333333333333	0.237640120955587	7.61904761904762	0.495720230591474	1.66666666666667	0.101402189941872	36.1538461538462	2.40959874841053	10.8612254953718	0.742526780514093	12.8287463777995	0.915893291336405
Cdkl5-205	Cdkl5	ENSMUST00000198931	13.6904761904762	0.953729884395482	5.67633569599142	0.390127008459162	1.28963465885373	138	24.8210023866348	1.67678992166346	5.77249575551783	0.439362896933205	1.69353515554309e-05	1.98412698412698	FALSE	19.3939393939394	1.40671620882584	21.9047619047619	1.50522791064572	19.1666666666667	1.24558455326919	28.4615384615385	2.02240302251489	7.25372188786823	0.493155344497433	10.6596555894618	0.759253092319071
Spock2-201	Spock2	ENSMUST00000121820	29.7619047619048	2.18052504103541	11.7755673357556	0.893775853451241	1.28668963178145	300	55.8472553699284	4.01690832571797	11.2054329371817	0.874167492169546	9.34723874957853e-05	7.34126984126984	TRUE	19.6969696969697	1.50049139569628	45.3968253968254	3.2601667295069	27.5	2.02587285698622	63.8461538461539	4.44801905847488	29.9915531622849	2.18734457966158	24.8234515857286	1.82120967593515
B4galt6-201	B4galt6	ENSMUST00000070080	19.4444444444444	1.35952143916165	7.79677169575317	0.557536282540976	1.28595977705162	196	37.708830548926	2.57624910378635	6.45161290322581	0.493971538520309	6.69539339450116e-05	2.87698412698413	FALSE	16.3636363636364	1.13833275716194	50.4761904761905	3.49956484257271	34.1666666666667	2.29223281077148	46.9230769230769	3.0989825340531	23.9450251645374	1.63843158236987	15.612562612948	1.11693098186131
Kcna4-201	Kcna4	ENSMUST00000037012	11.6071428571429	0.819084123533728	4.65185538149979	0.336445058478943	1.28363817210352	117	22.673031026253	1.57224423126055	3.73514431239389	0.283304692060826	1.21268649155216e-05	0.892857142857143	FALSE	6.36363636363636	0.483258021290418	17.1428571428571	1.14003425611384	11.6666666666667	0.757633260384221	31.025641025641	2.10337147884763	5.23351986766621	0.362928006911844	10.4770250242063	0.76021074165718
Timm9-211	Timm9	ENSMUST00000223544	11.9047619047619	0.837530624222517	4.91393174102091	0.34499606761116	1.27955956658164	120	18.1384248210024	1.22471478387803	7.47028862478778	0.562097410477761	2.53144589375792e-05	0.496031746031746	FALSE	6.66666666666667	0.473390577195218	9.20634920634921	0.568700926504732	23.3333333333333	1.67784263531804	9.23076923076923	0.673411135657337	11.5158554182944	0.814903504108188	11.3166240217	0.81042584855665
Sncb-201	Sncb	ENSMUST00000036825	26.0912698412698	1.90748919517715	10.3817976055751	0.787717386794799	1.27592378500109	263	51.3126491646778	3.72145269563401	8.14940577249576	0.617080525072872	0.000188072097084304	7.24206349206349	TRUE	35.7575757575758	2.6067123157344	46.6666666666667	3.29354998722716	39.1666666666667	2.97438405401776	58.2051282051282	4.35523330786202	26.9559708584099	1.96621059101293	20.9885286787401	1.54315102982852
Hlf-201	Hlf	ENSMUST00000004051	13.8888888888889	0.986017050929908	5.71802966227887	0.40747834026572	1.27488714343622	140	28.400954653938	1.99132820211897	3.56536502546689	0.27086361740153	3.43609365197477e-05	1.78571428571429	FALSE	0	0	16.8253968253968	1.15871663371056	14.1666666666667	0.969559632473369	47.1794871794872	3.19829720199906	7.23436455143772	0.499055542245986	12.4951500089135	0.899174048253325
Timp2-201	Timp2	ENSMUST00000017610	20.1388888888889	1.45066885785252	8.7319077967717	0.601753903182495	1.26947133237364	203	38.1861575178998	2.70061176326229	7.30050933786078	0.561490458248633	0.000210012272848489	6.15079365079365	TRUE	31.8181818181818	2.32407092034653	51.4285714285714	3.69092837735287	55	3.85967737885039	46.9230769230769	3.26942535817881	21.4056945764263	1.54876315374212	14.6359273357732	1.06013367478646
Apba1-201	Apba1	ENSMUST00000025830	13.8888888888889	0.991319543723372	6.00393114539282	0.412089300818281	1.26639112065659	140	23.6276849642005	1.61998799610705	6.96095076400679	0.544100389990334	3.98434801436133e-05	2.48015873015873	FALSE	10	0.693563199539335	25.7142857142857	1.70476924548881	45	3.07552577021047	39.4871794871795	2.54043526990011	10.4670397353324	0.723400954954979	11.8841385192409	0.874671720451093
Emc7-201	Emc7	ENSMUST00000069747	14.2857142857143	0.975835231202469	5.80141759485377	0.406409168199533	1.26370255102211	144	29.5942720763723	1.98441599153818	3.3955857385399	0.258355878773502	6.4645776129651e-05	2.28174603174603	FALSE	9.6969696969697	0.69266998509702	21.9047619047619	1.44586913418998	15	0.98939993498227	45.8974358974359	2.79589180171714	17.5043114067504	1.18725105020267	10.8096863497656	0.753569911563834
Cyp46a1-201	Cyp46a1	ENSMUST00000021684	11.0119047619048	0.760615870365765	4.61611769611055	0.316879359470246	1.2632316951239	111	21.4797136038186	1.45477713723977	3.56536502546689	0.266806751825513	5.72473407859887e-05	2.28174603174603	FALSE	6.66666666666667	0.438492543617723	13.968253968254	0.928167233590661	15	0.973431932238396	21.7948717948718	1.53544258526375	8.64393059515011	0.59667220005708	8.97825106699804	0.637067679233782
Ttc14-201	Ttc14	ENSMUST00000099153	29.3650793650794	2.1468226571231	12.5320150098279	0.896416471425374	1.25996101846167	296	32.9355608591885	2.23961202955275	26.8251273344652	2.08081459761882	1.53203476943038e-05	2.08333333333333	FALSE	19.6969696969697	1.47355981826038	34.9206349206349	2.45121454618744	53.3333333333333	3.61393531809541	35.1282051282051	2.41876964014682	37.2311969872946	2.70906288809019	24.3298448352401	1.81580834363154
Ina-201	Ina	ENSMUST00000037636	18.1547619047619	1.28184023298734	7.46917624635178	0.538479886781005	1.25125054012847	183	36.5155131264917	2.52400071459399	5.09337860780985	0.398198056768003	8.26838083442496e-05	3.47222222222222	FALSE	9.6969696969697	0.669334766688077	28.2539682539683	1.95033169055004	38.3333333333333	2.58660545804782	58.2051282051282	4.00615679492651	17.7014042867701	1.19986987442549	13.972466032585	1.01449283855622
Unc5c-202	Unc5c	ENSMUST00000106236	11.4087301587302	0.812949397806834	4.99731967359581	0.341521744787117	1.25118566635089	115	16.945107398568	1.13209602767316	7.47028862478778	0.585916396255068	8.27873415386793e-06	1.19047619047619	FALSE	10	0.788887989745745	10.1587301587302	0.675130202652295	25.8333333333333	1.73791614550421	25.8974358974359	1.76727783586138	20.7704219899342	1.48401845676524	8.39147642467396	0.611641195274326
Vstm2l-201	Vstm2l	ENSMUST00000109523	12.797619047619	0.912788066916376	5.44999702185955	0.385102542631967	1.2450351168199	129	26.7303102625298	1.8803727263293	2.88624787775891	0.224472324481714	0.000229622284106222	4.96031746031746	FALSE	45.4545454545455	3.36549786666731	12.0634920634921	0.764739999492351	61.6666666666667	4.70713745730007	25.1282051282051	1.65173313386129	20.553971773484	1.4132047557477	8.63689034301234	0.636183831780739
Dennd5b-201	Dennd5b	ENSMUST00000111557	11.2103174603175	0.777834870175343	4.75906843766752	0.329369994139016	1.23975225612029	113	20.0477326968974	1.33092831980573	4.92359932088285	0.384377900064765	1.94632854358288e-05	1.88492063492064	FALSE	3.03030303030303	0.214347804934046	16.1904761904762	1.01661564209015	9.16666666666667	0.589694107852648	50.2564102564103	3.24271093328148	15.9363671558794	1.13404696371562	8.85340093609197	0.628701972646526
R3hdm1-202	R3hdm1	ENSMUST00000185389	12.9960317460317	0.926679451315647	5.50955983084162	0.392608770476969	1.23897586167132	131	18.854415274463	1.28193568830157	8.82852292020374	0.673958970335851	7.55294626766121e-06	0.694444444444445	FALSE	15.7575757575758	1.21312077087651	18.4126984126984	1.24665005891556	40	2.98796776356458	2.56410256410256	0.178139939612131	8.48027311441946	0.58925034397725	12.3025398223592	0.890404960647521
Tmem35a-201	Tmem35a	ENSMUST00000037687	10.218253968254	0.706714376785607	4.17535290964322	0.301063624073895	1.23105610228726	103	22.4343675417661	1.53228472407467	1.52801358234295	0.11942409577692	7.87532872038163e-05	1.88492063492064	FALSE	9.6969696969697	0.69863476030666	34.2857142857143	2.35343184428543	6.66666666666667	0.424207214481115	27.6923076923077	1.69781782120177	18.1149473832401	1.26013955432021	7.70376953541455	0.545811549112035
Ppm1l-201	Ppm1l	ENSMUST00000029355	24.4047619047619	1.75035552724611	10.322234796593	0.746545437740194	1.22934490334643	246	48.6873508353222	3.43466761656752	7.13073005093379	0.552177657253465	2.6234337596781e-05	3.86904761904762	FALSE	35.7575757575758	2.68289265201625	31.7460317460317	2.15216695099161	50	3.55984771745945	61.2820512820513	4.21742247320669	24.5222257417379	1.76063041684928	20.6201259774261	1.49852781660543
Luc7l2-210	Luc7l2	ENSMUST00000162530	15.9722222222222	1.12796348387668	6.79611650485437	0.482492281312563	1.22514088423483	161	21.2410501193317	1.41686188511344	12.2241086587436	0.922448322385666	5.67041554767998e-05	0.595238095238095	FALSE	12.7272727272727	1.00385207576523	23.8095238095238	1.65957712059151	8.33333333333333	0.530185239092922	16.9230769230769	1.14248363567305	20.5398937106254	1.46796950785692	13.8040926933792	0.986870321176998
Cdk5r1-201	Cdk5r1	ENSMUST00000053413	26.2896825396825	1.90006218039938	11.1025075942581	0.814115204869239	1.22274075055827	265	51.7899761336516	3.6959104158756	8.14940577249576	0.622540260765197	5.27811160208312e-05	3.47222222222222	FALSE	35.7575757575758	2.7292786035467	33.015873015873	2.31899662075127	42.5	3.08793727155186	67.1794871794872	4.63313594425314	21.6890155914546	1.54360968584437	21.076702390565	1.53382961180948
Thy1-201	Thy1	ENSMUST00000114840	33.7301587301587	2.54290167155778	14.6524510095896	1.09153401975305	1.22011782748626	340	64.9164677804296	4.83717046582813	11.5449915110357	0.910815721134557	0.000419900677147191	13.6904761904762	TRUE	68.1818181818182	5.3696795587275	47.3015873015873	3.46836104600053	61.6666666666667	4.73547850642066	76.4102564102564	5.52593060523086	34.2343293562806	2.58579691461762	27.3622165595299	2.05911466420618
Kif5c-201	Kif5c	ENSMUST00000028102	21.8253968253968	1.54431457350281	9.22627911132289	0.662899306000412	1.2201037666273	220	40.8114558472554	2.81031231906944	8.31918505942275	0.643715158575099	4.85773714523196e-05	2.38095238095238	FALSE	29.0909090909091	2.13080206769821	33.6507936507937	2.27854280937251	15.8333333333333	1.03499644261174	33.8461538461539	2.35116022270929	25.4073839439693	1.72323738463979	17.6055157069801	1.28159458297746
St8sia3-201	St8sia3	ENSMUST00000025477	17.9563492063492	1.25383435800857	7.6538209541962	0.53991342500443	1.21554525209515	181	35.3221957040573	2.40683091477529	5.60271646859083	0.43362118774498	4.35972050274413e-05	2.08333333333333	FALSE	16.0606060606061	1.11655003726884	40.6349206349206	2.71910887243375	48.3333333333333	3.39935342253288	35.3846153846154	2.20494044755217	24.5222257417379	1.72110497030374	13.5251614042079	0.969205958914729
Plxna2-201	Plxna2	ENSMUST00000027952	11.9047619047619	0.837381336564079	5.02114479718864	0.363129788608966	1.20539723025107	120	18.6157517899761	1.25031322126676	7.13073005093379	0.543631829449609	2.27735079820851e-05	1.88492063492064	FALSE	6.36363636363636	0.448532820285712	13.015873015873	0.804214732762886	5.83333333333333	0.377475952080144	16.1538461538462	1.05150426952579	12.6702565726956	0.916767216219752	10.9454424065743	0.784034348120764
Nsg1-201	Nsg1	ENSMUST00000031009	25.9920634920635	1.87151174423254	11.2752397403062	0.812452150664352	1.20384834352481	262	57.0405727923628	4.08290275119038	3.90492359932088	0.298382997347417	0.000213946312993746	7.83730158730159	TRUE	29.6969696969697	2.25257214754184	57.1428571428571	3.99123278624693	41.6666666666667	3.05320624143855	58.7179487179487	3.94237451245748	31.0016541723859	2.24521031447688	20.0085158852501	1.45714138977489
AC149090.1-202	AC149090.1	ENSMUST00000178343	23.2142857142857	1.72986934555457	10.1733277741378	0.751111095558544	1.20356377542855	234	23.6276849642005	1.6178108459726	22.9202037351443	1.80958498447621	8.60567485239187e-05	5.45634920634921	TRUE	6.36363636363636	0.504259057645269	14.9206349206349	1.00720560408511	13.3333333333333	0.884822323777073	36.9230769230769	2.51797816756291	23.2815964523282	1.79721354251321	22.3633438547554	1.69160594579976
Map2-204	Map2	ENSMUST00000114013	13.3928571428571	0.952668409821916	5.78950503305736	0.413798084978193	1.20304520974888	135	19.0930787589499	1.28178214732314	9.33786078098472	0.718545054961116	3.9754941436079e-06	0.694444444444445	FALSE	16.3636363636364	1.19189107189282	19.047619047619	1.27460223355976	25.8333333333333	1.90088903824907	34.6153846153846	2.32623264697275	15.3644458522507	1.06362402103137	10.1517916129235	0.745341977538923
Impact-201	Impact	ENSMUST00000025290	20.9325396825397	1.49153488474771	9.22627911132289	0.650223884748192	1.19778801221945	211	33.1742243436754	2.23973738646238	12.2241086587436	0.959282171303826	0.000257292142094099	3.76984126984127	FALSE	6.66666666666667	0.430808993769871	22.2222222222222	1.4603816622163	50.8333333333333	3.71798972031827	49.4871794871795	2.99689452888619	20.515257100623	1.40604448581182	18.5432767763202	1.36197105136952
Adcyap1r1-202	Adcyap1r1	ENSMUST00000070756	11.8055555555556	0.834069109126362	5.03305735898505	0.364412949213925	1.19459047247919	119	17.6610978520286	1.18346291297262	7.64006791171477	0.585519017765443	9.90810631290951e-06	1.19047619047619	FALSE	19.6969696969697	1.43950275220026	20	1.3078826535254	7.5	0.464554334102135	31.025641025641	1.90396134221945	20.7176292542146	1.47338755037124	9.18420965244352	0.668601215028459
Ogt-204	Ogt	ENSMUST00000150161	15.4761904761905	1.12371404583791	6.88546071832748	0.490971367474906	1.19456250482066	156	16.7064439140811	1.13015140255381	14.6010186757216	1.11913466983798	4.24896691878184e-05	1.78571428571429	FALSE	3.33333333333333	0.274409340460362	15.5555555555556	1.03497071610201	26.6666666666667	1.8001961059474	25.1282051282051	1.63453334080031	19.3133424840742	1.40353484393591	13.6059159404788	1.01088102628541
Rgs7bp-201	Rgs7bp	ENSMUST00000063551	33.7301587301587	2.51660523606413	14.6941449758771	1.10363491601593	1.18921518837121	340	57.0405727923628	4.17634601926376	17.1477079796265	1.33590678417849	8.33405405740227e-05	7.14285714285714	TRUE	29.3939393939394	2.12661545456445	57.1428571428571	4.2094727068596	56.6666666666667	4.11991071374101	81.5384615384615	6.32966968621829	33.8348643226692	2.52809483526607	28.3344387817522	2.12681681424466
Chka-214	Chka	ENSMUST00000154467	11.2103174603175	0.782788226238698	4.89606289832629	0.345386086020628	1.18040975816923	113	16.4677804295943	1.09458780655475	7.47028862478778	0.560981733619977	1.74528881774698e-05	0.793650793650794	FALSE	6.36363636363636	0.434115608922716	37.1428571428571	2.61885695587293	10	0.650274474472172	16.1538461538462	1.02009582224389	13.6997149192271	0.988352378628253	8.04141630226193	0.573330375858343
Ttc14-203	Ttc14	ENSMUST00000117915	15.2777777777778	1.09635262292106	6.87354815653106	0.488662787103395	1.16579910546422	154	16.4677804295943	1.08366907050185	14.4312393887946	1.10537538771503	1.60178374738585e-05	1.38888888888889	FALSE	13.3333333333333	1.03172153369945	20.952380952381	1.48978260884718	8.33333333333333	0.537264050345236	11.025641025641	0.729641724500989	19.1496850033435	1.37677504605613	13.8320522365887	1.00777452051968
Map4-206	Map4	ENSMUST00000169851	12.1031746031746	0.826553589829304	5.36065280838644	0.36869213772253	1.16468954090068	122	23.8663484486874	1.59016316842646	3.73514431239389	0.283340663798391	0.000131266186510134	2.57936507936508	FALSE	13.3333333333333	0.980687495234157	13.3333333333333	0.87501331919823	45	3.14998982656295	16.9230769230769	1.13228537105688	10.7028472882131	0.727633863298234	9.98157440323263	0.692096671673917
Hspa4l-208	Hspa4l	ENSMUST00000204702	18.5515873015873	1.31140958962979	8.47578771814879	0.586139414096108	1.16180123077306	187	31.2649164677804	2.13261503971558	9.50764006791171	0.72722438829541	4.60575382847999e-05	2.97619047619048	FALSE	16.0606060606061	1.16777192672645	34.6031746031746	2.36268374689871	20	1.39917325640131	62.3076923076923	4.24672121849109	14.1326153521276	0.962542739880268	14.423467140655	1.03923754268715
Nsg2-201	Nsg2	ENSMUST00000020537	26.8849206349206	1.93711021663004	11.6981356840789	0.875042819554089	1.14647961702965	271	55.1312649164678	3.92260034435795	6.7911714770798	0.52468175564872	0.000217374116728615	6.8452380952381	TRUE	35.1515151515152	2.55695746340167	51.7460317460318	3.6611460878118	60	4.29952314315289	59.4871794871795	3.89595159741714	33.2242283461796	2.44478116299554	20.0476260385972	1.45226877938056
Kcnq1ot1-201	Kcnq1ot1	ENSMUST00000185789	74.0079365079365	6.0635567578472	36.3630948835547	2.74014881782569	1.14590976043544	746	78.0429594272076	5.98981052922407	71.1375212224109	6.11601799688473	4.89147410594794e-06	11.6071428571429	TRUE	67.2727272727273	5.37823448979631	91.7460317460318	7.15052668811448	47.5	3.73909247231076	88.2051282051282	6.51967986600726	79.3017280822159	6.44109838464608	70.14714698182	5.80066378797578
Stx1b-201	Stx1b	ENSMUST00000106267	10.218253968254	0.707008114882853	4.47316695455358	0.320562997370674	1.14111640950668	103	16.945107398568	1.11365056156616	5.43293718166384	0.417732758074185	4.47275297726925e-05	1.68650793650794	FALSE	6.66666666666667	0.499459123440694	11.4285714285714	0.773872328830206	30	2.00058118345935	36.1538461538462	2.29077074600246	9.65403160525112	0.673175113876509	7.67394864427456	0.548102164646403
Hspa12a-201	Hspa12a	ENSMUST00000066285	12.202380952381	0.849677171070272	5.47977842635059	0.389189513220227	1.12643995745545	123	19.0930787589499	1.26568473891675	7.30050933786078	0.553739699206647	2.30645026314621e-05	1.38888888888889	FALSE	6.36363636363636	0.509699941500034	17.1428571428571	1.099673631976	13.3333333333333	0.848419271504	2.56410256410256	0.161715521401328	6.28233555062823	0.419612067648133	11.1665932613962	0.800939266188984
Ncs1-201	Ncs1	ENSMUST00000000199	13.1944444444444	0.927469475579637	5.92649949371612	0.426734291156912	1.11995992990587	133	22.9116945107399	1.55415631507102	6.28183361629881	0.481659992138401	5.44183162707587e-05	2.77777777777778	FALSE	9.6969696969697	0.712007089343664	19.3650793650794	1.38104435670032	26.6666666666667	1.94699603194777	34.3589743589744	2.29173999503665	13.9161651356773	0.962195374066417	10.4844529384829	0.748976537507793
C78859-201	C78859	ENSMUST00000212800	15.7738095238095	1.16370002214368	7.14753707784859	0.536368382828323	1.11742165647832	159	14.5584725536993	0.98103903842612	16.6383701188455	1.29364051820083	1.71495372031364e-05	1.48809523809524	FALSE	0	0	14.6031746031746	1.00454768849411	9.16666666666667	0.616570064363228	28.4615384615385	1.88310497915988	18.1782986661035	1.34461108934191	14.2147209026751	1.0682097558986
Negr1-202	Negr1	ENSMUST00000074015	16.765873015873	1.19133058334929	7.58830186431592	0.549868889830463	1.11541282069474	169	31.5035799522673	2.18373217116844	6.28183361629881	0.4853606932029	6.89518616804463e-05	3.47222222222222	FALSE	28.7878787878788	2.1536695243064	21.9047619047619	1.50143195625175	45	3.20964864714524	29.4871794871795	2.17348994076591	19.5051560905219	1.37209534279431	14.1765632700999	1.02339487419195
Etnk1-202	Etnk1	ENSMUST00000203341	25.6944444444444	1.95378556826513	12.3235451783906	0.903812787748697	1.11217540512796	259	21.7183770883055	1.49765975312331	28.5229202037351	2.27826216681254	3.36473862631012e-05	3.37301587301587	FALSE	9.6969696969697	0.74582592113314	18.0952380952381	1.22466585905958	26.6666666666667	1.84503689472122	14.3589743589744	0.946747579127332	28.5344736564249	2.16333623479849	24.455040145692	1.89140727644629
Rab6b-201	Rab6b	ENSMUST00000035155	27.6785714285714	2.01495765074721	13.2050747513253	0.933865875480783	1.10946142255518	279	49.8806682577566	3.55742278044113	11.8845500848896	0.917686191762905	0.000174101155214475	7.24206349206349	TRUE	26.0606060606061	1.88585134302953	45.0793650793651	3.21321327883889	19.1666666666667	1.34374659383306	71.2820512820513	5.12111332393576	29.572730792243	2.13329267338356	23.8030833709098	1.75447015947761
Letm2-203	Letm2	ENSMUST00000209734	10.8134920634921	0.75480763663143	5.03901363988326	0.350013311960128	1.1086970160133	109	17.6610978520286	1.18969522751281	5.94227504244482	0.445439384374555	2.36983247156777e-05	0.396825396825397	FALSE	22.4242424242424	1.63503340107649	30.4761904761905	2.04763278572085	23.3333333333333	1.56591825039908	7.69230769230769	0.478205737312378	11.005525639672	0.758977311055325	8.35110352589983	0.594163202346922
Kcnd2-201	Kcnd2	ENSMUST00000081542	13.0952380952381	0.911554547029694	5.94436833641075	0.423578643660969	1.10569731363589	132	25.0596658711217	1.71067053392703	4.58404074702886	0.343083242258925	7.21780107329601e-05	2.08333333333333	FALSE	3.33333333333333	0.226637326425265	29.2063492063492	1.98871382778122	13.3333333333333	0.900256131170801	7.69230769230769	0.492795340290574	12.4678844191039	0.869387836102187	11.2762423842032	0.800017017422029
Trank1-201	Trank1	ENSMUST00000078626	21.7261904761905	1.57969450168943	9.57769968431711	0.734654838716453	1.1045060350285	219	30.5489260143198	2.09223762305757	15.4499151103565	1.21508402995216	7.74078431513619e-06	1.48809523809524	FALSE	23.030303030303	1.78519407287077	47.6190476190476	3.28281240081956	44.1666666666667	3.10540834273499	20.5128205128205	1.36511543112786	14.5074437757365	1.0426510831408	20.8586843678233	1.54860797663748
Slc25a3-208	Slc25a3	ENSMUST00000172442	18.3531746031746	1.3299803286828	8.60086961701114	0.618870134870485	1.10369505314162	185	23.1503579952267	1.58589813730623	14.9405772495756	1.14792674326137	1.97012690272043e-05	1.28968253968254	FALSE	29.0909090909091	2.15922846607444	33.015873015873	2.29185873207086	26.6666666666667	1.9113656962704	17.6923076923077	1.23826673811457	21.1505296871151	1.54063756599734	16.2011811257572	1.19059677652455
Grin2b-201	Grin2b	ENSMUST00000053880	43.8492063492064	3.37339577730582	19.494907379832	1.57108381114292	1.10244095436099	442	65.8711217183771	4.96179892762092	28.1833616298812	2.24344514915298	2.57209326174809e-05	10.4166666666667	TRUE	58.7878787878788	4.74066996967181	68.8888888888889	5.18076162043311	40	3.07434265635694	80	5.87269524474051	53.1288494703129	4.0387968205276	38.3682357917108	2.97064365288731
Nrxn1-212	Nrxn1	ENSMUST00000162227	10.4166666666667	0.746823554862917	4.84841265114063	0.347869496941327	1.1022190342412	105	12.4105011933174	0.846907771699716	8.99830220713073	0.675626123870355	1.11343767411045e-05	0.496031746031746	FALSE	9.39393939393939	0.727686719708852	17.4603174603175	1.16028885279555	26.6666666666667	1.81301673035672	5.8974358974359	0.421074356787683	12.0736986590645	0.840246137906276	8.75523012552301	0.645685030602149
Scg5-201	Scg5	ENSMUST00000024005	23.4126984126984	1.70565175355774	11.185895526833	0.797007411609985	1.09765710894545	236	52.0286396181384	3.76394024856047	3.05602716468591	0.241436338606727	0.000576522858331011	8.03571428571429	TRUE	39.0909090909091	2.89665658848975	33.015873015873	2.29858895627361	55.8333333333333	4.1816906448584	53.0769230769231	3.61365427281692	25.604476823989	1.85130063233745	19.1216971997637	1.41331025878452
Zfp955a-201	Zfp955a	ENSMUST00000008830	10.218253968254	0.719460690093612	4.77098099946394	0.336742799029407	1.09526648894837	103	15.7517899761337	1.05681325357217	6.28183361629881	0.479476438654708	2.59613947541655e-06	0.0992063492063492	FALSE	0	0	11.4285714285714	0.745962465981678	10	0.632822224440269	24.3589743589744	1.49228716535714	8.70200260444163	0.615767206394538	9.47371042669435	0.686674967816983
Gm27032-201	Gm27032	ENSMUST00000183124	10.9126984126984	0.760156486166186	5.00327595449401	0.359957588891166	1.07846739832898	110	17.8997613365155	1.2023254273663	5.94227504244482	0.445608461781049	3.73503599331262e-05	0.595238095238095	FALSE	10	0.708886048090449	13.015873015873	0.830469382780392	9.16666666666667	0.574596934276582	27.6923076923077	1.76157190691005	9.67338894168162	0.654831229544365	9.45258019525802	0.680149444982197
Cx3cl1-201	Cx3cl1	ENSMUST00000034230	28.6706349206349	2.06594920144608	13.0561677288701	0.978824350773617	1.07768210764726	289	58.7112171837709	4.17757013414393	7.30050933786078	0.563794412311276	9.33499253090052e-05	6.15079365079365	TRUE	35.4545454545455	2.72387831908117	41.9047619047619	2.98263284659663	56.6666666666667	3.99882864432115	78.974358974359	5.47555083539	28.1684440221026	2.02186758742656	24.2149918030781	1.76833998561011
Elovl4-201	Elovl4	ENSMUST00000034796	10.6150793650794	0.734778408127518	5.19983322413485	0.354001976838948	1.05354970402076	107	22.4343675417661	1.53312757061416	2.20713073005093	0.166852603234646	5.88405891500357e-05	1.38888888888889	FALSE	12.4242424242424	0.925249816397325	20	1.30823536055179	8.33333333333333	0.52269823982849	16.9230769230769	1.16192881446238	9.27392390807025	0.614666087602297	9.01120479021822	0.643361036746881
Arxes1-201	Arxes1	ENSMUST00000057625	12.797619047619	0.878483265359073	6.05158139257847	0.425206531277134	1.04684929606034	129	30.0715990453461	2.05804493057469	0.509337860780985	0.0393723354348921	0.000166064403174875	2.18253968253968	FALSE	28.7878787878788	2.11683739155924	26.031746031746	1.80407458643527	10.8333333333333	0.694119974559758	14.3589743589744	0.949286859338322	12.4872417555344	0.835766079132766	10.467399321176	0.732200194902756
Ahi1-202	Ahi1	ENSMUST00000163505	12.797619047619	0.940823812971646	6.34343915659063	0.457500776294335	1.04014876498183	129	12.4105011933174	0.832687596689256	13.0730050933786	1.01774923677864	5.78931215987006e-05	1.28968253968254	FALSE	6.66666666666667	0.44727468974222	6.98412698412698	0.473909136694971	5	0.327561519127411	11.025641025641	0.750527538085874	12.6896139091261	0.906686571502541	12.9933882824215	0.976254958605008
Samd5-201	Samd5	ENSMUST00000100070	13.5912698412698	0.959487353593763	6.53999642623146	0.469715519602964	1.03047496182105	137	19.8090692124105	1.32779413375686	9.16808149405773	0.697483039691663	9.30323176138215e-06	0.793650793650794	FALSE	0	0	28.2539682539683	1.95207858466602	13.3333333333333	0.864223268239811	25.1282051282051	1.5392282807642	11.9100411783339	0.855932782058376	11.640585948833	0.83935508777715
Nap1l5-201	Nap1l5	ENSMUST00000059539	52.7777777777778	4.22026976474321	28.5127166597177	2.07942888356732	1.02114752306365	532	79.236276849642	6.37579632987934	33.955857385399	2.68688159701479	0.000332599067014303	14.0873015873016	TRUE	74.5454545454546	6.25886135934669	66.6666666666667	5.13930304959301	90.8333333333333	7.37273028486329	90	7.45793728167019	66.2126491394784	5.45305802515357	46.8532340264888	3.73525783714052
Adgrl3-228	Adgrl3	ENSMUST00000147226	12.1031746031746	0.841018374649249	5.85502412293764	0.41476588868339	1.01983830962864	122	21.4797136038186	1.45376980528872	5.43293718166384	0.405122195637473	2.45976847183832e-05	0.992063492063492	FALSE	10	0.665129870042987	18.7301587301587	1.40452801042823	24.1666666666667	1.60946785513833	12.8205128205128	0.779034700512524	16.0753880266075	1.13073582931184	10.5298200172677	0.744541961620009
Syne1-205	Syne1	ENSMUST00000215295	16.5674603174603	1.22089367914884	8.45196259455596	0.607331358440241	1.00738060856716	167	17.8997613365155	1.20429708015621	15.6196943972835	1.23270008827942	2.93959133797361e-06	1.28968253968254	FALSE	19.6969696969697	1.42538707007149	13.968253968254	0.908823178953093	8.33333333333333	0.518143767065812	31.025641025641	2.05762816732565	14.3103508957167	1.04651684922344	15.2804736737241	1.15751429187169
Map1b-206	Map1b	ENSMUST00000224702	19.3452380952381	1.36969998602321	9.44666150455656	0.682043213247057	1.00592380900936	195	38.4248210023866	2.65527702666695	5.77249575551783	0.455172345904828	1.47075184663321e-05	2.08333333333333	FALSE	16.6666666666667	1.18738956308923	38.7301587301587	2.71530600401327	36.6666666666667	2.68309767040302	51.2820512820513	3.28467542881127	15.9363671558794	1.07050798518014	15.8479969099877	1.1417708677813
Zbtb4-202	Zbtb4	ENSMUST00000108639	11.8055555555556	0.848808327909157	6.05158139257847	0.423320577872745	1.00368648200855	119	14.0811455847255	0.935940897188149	10.1867572156197	0.786824377946681	2.03889505343923e-05	1.88492063492064	FALSE	13.030303030303	0.960930156637164	17.7777777777778	1.26178897223093	27.5	1.82051709200315	21.7948717948718	1.45164194413071	7.85027980149931	0.573961542394144	9.98621466497485	0.738422992506492
Epm2aip1-202	Epm2aip1	ENSMUST00000135807	15.6746031746032	1.08494921224509	7.79677169575317	0.541724230179202	1.00199565051038	158	29.8329355608592	2.00198846228075	5.60271646859083	0.43259022113313	2.90239523793833e-05	1.78571428571429	FALSE	13.3333333333333	0.932767098352388	19.6825396825397	1.35509183536545	67.5	4.85385972547557	55.3846153846154	3.57537577467948	19.9574138598529	1.37046075555277	11.3060720140658	0.799104327760969
Enah-211	Enah	ENSMUST00000193703	19.0476190476191	1.3713099559911	9.55387456072428	0.684892264278553	1.00160467414118	192	23.8663484486874	1.60461581792326	15.6196943972835	1.20534194894598	8.61080699830762e-06	1.28968253968254	FALSE	16.3636363636364	1.2049310980106	17.1428571428571	1.19107430289235	20	1.32813410518833	16.1538461538462	1.05965983237845	14.1326153521276	1.01203148067486	16.3645428075069	1.20307076061199
