gene	isoform_id	transcript_id	GABA_pct	GABA_mean	other_pct	other_mean	logFC	n_GABA_detected	GABA_1_pct	GABA_1_mean	GABA_2_pct	GABA_2_mean	editsC_GABA_mean	editsC_GABA_pct	editsC_is_translated	DE_baseMean	DE_log2FC	DE_lfcSE	DE_stat	DE_pvalue	DE_padj	biotype	go_bp	syngo_quick
Dpp10	Dpp10-201	ENSMUST00000112603	10.1190476190476	0.701166216755674	0.113169337065936	0.00816571874662678	6.42385819026029	102	17.6610978520286	1.17315554241152	4.75382003395586	0.365404710049736	2.91078221414443e-05	2.18253968253968	FALSE	55.8241017170302	6.02723136182747	0.988889435383542	6.09494969423938	1.09471871862651e-09	1.12746813655955e-06	protein_coding	proteolysis; positive regulation of protein localization to plasma membrane	FALSE
Cit	Cit-201	ENSMUST00000051704	19.1468253968254	1.38566589721311	0.279945202215737	0.0203452384829844	6.08967457659091	193	26.9689737470167	1.85083852828765	13.5823429541596	1.05475361806161	7.52828130720389e-06	1.78571428571429	FALSE	110.889085275574	5.1100961414793	1.05382114143094	4.84911142942198	1.24015745335734e-06	0.000515492114778866	protein_coding	protein phosphorylation; mitotic cytokinesis; regulation of cellular component size	FALSE
Slc17a6	Slc17a6-201	ENSMUST00000032710	14.3849206349206	1.06157657853665	0.250163797724701	0.0174893684386441	5.92350531463051	145	31.5035799522673	2.31751359510681	2.20713073005093	0.168134116833933	3.00949484200967e-05	1.68650793650794	FALSE	83.527528916228	5.53454886254481	1.66378072394066	3.32648935217632	0.00087947379873456	0.0488258553126231	protein_coding	transmembrane transport; monoatomic ion transport; chloride transmembrane transport	TRUE
C130073E24Rik	C130073E24Rik-201	ENSMUST00000210222	10.7142857142857	0.78006657433963	0.196557269640836	0.0142205672738925	5.77744673504445	108	11.9331742243437	0.795276770971007	9.8471986417657	0.769246417483014	3.86573241451989e-06	0.694444444444445	FALSE	63.7753358736577	5.30789329702054	2.02847752160238	2.61668825042124	0.00887873905890971	0.169002204794119	lincRNA	biological_process	FALSE
Slc32a1	Slc32a1-201	ENSMUST00000045738	17.5595238095238	1.39821863705437	0.345464292096015	0.0257883888142823	5.76066960875496	177	31.9809069212411	2.57095924121639	7.30050933786078	0.563960040884781	0.000188074122013292	9.72222222222222	TRUE	139.039310854982	5.18191164597953	0.68007277502024	7.61964283282081	2.54378592518922e-14	5.1546642041553e-11	protein_coding	proton transmembrane transport; neurotransmitter transport; glycine transport	TRUE
Gad2	Gad2-201	ENSMUST00000028123	23.5119047619048	1.82276509852457	0.500327595449401	0.0371030550386724	5.61840876799837	237	26.7303102625298	2.00012832666901	21.2224108658744	1.69659329446257	0.000237556560849792	11.5079365079365	TRUE	176.546515396474	5.214037664326	0.601813154297074	8.66388118487716	4.55968609081566e-18	1.56572844273112e-14	protein_coding	carboxylic acid metabolic process; gamma-aminobutyric acid biosynthetic process; gamma-aminobutyrate shunt	TRUE
Unc5d	Unc5d-201	ENSMUST00000168630	11.5079365079365	0.830087001644669	0.35737685389243	0.0261320076438618	4.98931921276977	116	16.4677804295943	1.12801732005871	7.97962648556876	0.618146758154889	4.0211861836851e-05	2.48015873015873	FALSE	94.5103571880146	4.11294373468506	1.39846959793	2.94103192573724	0.00327120816776728	0.099229907166962	protein_coding	signal transduction; apoptotic process; axon guidance	FALSE
Col25a1	Col25a1-202	ENSMUST00000106353	16.6666666666667	1.20897891127927	0.625409494311752	0.0449688678467592	4.74868781801364	168	22.4343675417661	1.54887848933821	12.5636672325976	0.967182776802704	4.52124780532567e-05	4.36507936507936	FALSE	118.999166514906	3.90557245493969	1.24320158738739	3.1415439736908	0.00168059569739641	0.067836962267549	protein_coding	axonogenesis involved in innervation	FALSE
Maf	Maf-202	ENSMUST00000109104	11.3095238095238	0.836364650806487	0.476502471856573	0.0340751683327189	4.6172987851366	114	11.2171837708831	0.759176880136569	11.3752122241087	0.891274117547906	2.07817689087788e-05	1.58730158730159	FALSE	82.3586073610248	4.55797950257769	1.21231237084542	3.75974015624301	0.000170089929746718	0.0183242027509098	protein_coding	regulation of DNA-templated transcription; in utero embryonic development; gene expression	FALSE
Kcnc1	Kcnc1-203	ENSMUST00000160433	25.0992063492064	1.85714098091143	1.96557269640836	0.144072913134278	3.68820307392934	253	33.4128878281623	2.35119400850383	19.1850594227504	1.50568390355793	1.40601010956349e-05	3.27380952380952	FALSE	278.026077420832	2.83770624493468	1.09367122051658	2.59466116662951	0.0094684210528186	0.172918567914731	protein_coding	monoatomic ion transport; transmembrane transport; potassium ion transport	FALSE
Rasgrf2	Rasgrf2-205	ENSMUST00000151408	12.6984126984127	0.937598297750029	1.17934361784502	0.087833552667195	3.41611100018756	128	15.2744630071599	1.0445092101291	10.8658743633277	0.861544524767297	2.66069377487487e-05	1.09126984126984	FALSE	145.352072289072	2.96033204961704	1.14638299803021	2.58232375628711	0.00981374729649769	0.174632993878731	protein_coding	small GTPase-mediated signal transduction; long-term synaptic potentiation; Ras protein signal transduction	FALSE
Mirg	Mirg-201	ENSMUST00000181496	10.218253968254	0.735740526167731	1.0006551908988	0.0708506955563713	3.37632473726539	103	13.8424821002387	0.930253341362463	7.64006791171477	0.59736893097827	2.47351848066347e-05	0.595238095238095	FALSE	113.134421179826	2.58536461887932	1.93480637103145	1.3362394591977	0.181471017444002	0.630616648185363	lincRNA	miRNA-mediated post-transcriptional gene silencing; chromatin organization	FALSE
Scn1a	Scn1a-205	ENSMUST00000129508	11.5079365079365	0.801051217219055	1.10786824706653	0.0772614730123329	3.37405652779779	116	19.8090692124105	1.33698711600642	5.60271646859083	0.419799703480671	1.516313761102e-05	0.595238095238095	FALSE	120.979878230608	2.58219803146118	1.94148975943474	1.33000857661643	0.18351544549798	0.63432172430016	retained_intron	transmembrane transport; monoatomic ion transport; sodium ion transport	FALSE
Peg3	Peg3-204	ENSMUST00000155910	29.3650793650794	2.12084421642092	2.88879623563047	0.206711633515514	3.35894086512192	296	42.9594272076372	2.97831624009776	19.6943972835314	1.51085987360156	3.23429778075908e-05	2.28174603174603	FALSE	305.202070976027	2.84273428687574	0.750698156453885	3.78678735579174	0.000152607590942295	0.0177253581934161	retained_intron	positive regulation of transcription by RNA polymerase II; regulation of gene expression; negative regulation of transcription by RNA polymerase II	FALSE
Spock1	Spock1-202	ENSMUST00000185502	13.5912698412698	0.942196386548117	1.32229435940199	0.0926617973463293	3.34596718941723	137	25.2983293556086	1.70487623934271	5.26315789473684	0.399644844407314	0.000182468616941315	4.36507936507936	FALSE	166.961985612577	2.26015537659088	1.45200467227074	1.55657582909585	0.119571226204204	0.53789439152122	protein_coding	negative regulation of cell-substrate adhesion; negative regulation of neuron projection development	FALSE
5330434G04Rik	5330434G04Rik-204	ENSMUST00000150604	14.0873015873016	1.00007035860154	1.4175948537733	0.0996071876449713	3.32769480024685	142	21.0023866348449	1.41412356470536	9.16808149405773	0.705523171237364	2.1903811157473e-05	0.892857142857143	FALSE	141.943669718129	2.97141541325964	1.33774134161929	2.22121819877588	0.0263361861596571	0.289841082032723	lincRNA		FALSE
Zmat4	Zmat4-207	ENSMUST00000208021	11.2103174603175	0.80314872831271	1.13169337065936	0.0807990602629877	3.31324069516594	113	16.7064439140811	1.14491735462175	7.30050933786078	0.560022999240574	1.64834373521462e-05	0.694444444444445	FALSE	111.599994876693	3.03995082387359	2.23124843944638	1.36244389917775	0.173057837596699	0.619439303440073	retained_intron		FALSE
Tmem130	Tmem130-201	ENSMUST00000061446	23.3134920634921	1.71013391802707	2.48376913455239	0.174404771250336	3.29359046229117	235	38.9021479713604	2.7655866826321	12.2241086587436	0.959310983613639	6.04248067217336e-05	3.07539682539683	FALSE	247.753643495906	2.71811551951538	1.20662529238648	2.25265916160223	0.0242806477556178	0.279779129291878	protein_coding	biological_process	FALSE
Ube3a	Ube3a-216	ENSMUST00000202945	10.8134920634921	0.779517328195996	1.11978080886295	0.0818467546407269	3.25156819988948	109	11.4558472553699	0.760345287553494	10.3565365025467	0.793155842676826	3.23902015180165e-06	0.396825396825397	FALSE	132.945257670056	2.13227845262766	1.17854915459064	1.80924015287958	0.0704137021116372	0.433691688803857	protein_coding	ubiquitin-dependent protein catabolic process; protein polyubiquitination; positive regulation of transcription by RNA polymerase II	FALSE
Ntng1	Ntng1-208	ENSMUST00000133268	16.3690476190476	1.24748915716376	1.78688426946215	0.134694434726778	3.21125557354203	165	24.1050119331742	1.80241317639613	10.8658743633277	0.852729965214077	1.07074377412473e-05	1.28968253968254	FALSE	167.930115005191	2.26545269264391	1.51451889193271	1.49582333024115	0.134699699984269	0.568058490230227	protein_coding	nervous system development; cell differentiation; regulation of neuron projection development	FALSE
5330434G04Rik	5330434G04Rik-202	ENSMUST00000136406	21.2301587301587	1.53916106084076	2.4122937637739	0.17136223397541	3.16701562615498	214	24.3436754176611	1.65430914187777	19.0152801358234	1.45724757025586	3.46187919772086e-05	1.38888888888889	FALSE	231.026066655792	2.42165505398236	1.2685144392126	1.90904807948859	0.0562558896286167	0.4022233267222	lincRNA		FALSE
Adarb2	Adarb2-206	ENSMUST00000223223	19.8412698412698	1.57029835927452	2.29316814580976	0.175072869563789	3.16500394106586	200	22.9116945107399	1.7116168625547	17.6570458404075	1.46976787901239	3.67909969003245e-05	3.37301587301587	FALSE	244.01131026487	2.63839528070479	2.14414074987607	1.23051403265261			retained_intron	RNA processing; mRNA processing; adenosine to inosine editing	FALSE
Nrxn3	Nrxn3-202	ENSMUST00000110130	11.6071428571429	0.812715740230987	1.42355113467151	0.0971470547056765	3.06449559834501	117	20.2863961813843	1.35555508762684	5.43293718166384	0.426553284273664	4.32962714192403e-05	2.48015873015873	FALSE	128.652905162136	2.66030085011216	1.42474589996651	1.86721074275398	0.0618721639997401	0.413870755132847	protein_coding	regulation of biological quality; cell adhesion; neurotransmitter secretion	TRUE
Mir124-2hg	Mir124-2hg-201	ENSMUST00000185804	20.2380952380952	1.4475709020896	2.45994401095956	0.174043220861292	3.05610919456838	204	29.8329355608592	2.0443894566046	13.4125636672326	1.02300897621221	1.62134943340006e-05	0.892857142857143	FALSE	174.675605731947	3.08839715715182	1.55521923267699	1.98582752338766	0.0470524785248452	0.376372331207101	lincRNA	sensory perception of sound; long-term synaptic potentiation; miRNA-mediated post-transcriptional gene silencing	FALSE
L1cam	L1cam-203	ENSMUST00000114430	10.1190476190476	0.701036014903931	1.22699386503067	0.0848828330948004	3.04592891031229	102	18.854415274463	1.2737531246009	3.90492359932088	0.293619259448868	3.55199579817994e-05	1.88492063492064	FALSE	110.3374139041	2.17915828041106	1.70346886598281	1.27924749546497	0.200809915359525	0.654007359989747	protein_coding	nervous system development; cell adhesion; cell differentiation	FALSE
A230057D06Rik	A230057D06Rik-201	ENSMUST00000207061	13.0952380952381	0.972943605071481	1.70945261778545	0.119135289371092	3.02974473642442	132	10.0238663484487	0.67149413817173	15.2801358234295	1.18738728356214	1.45720443044505e-05	0.595238095238095	FALSE	137.443100560078	2.77893246508685	1.09211110973692	2.54455104458763	0.0109418318163908	0.18292421668036	lincRNA	miRNA-mediated post-transcriptional gene silencing; biological_process	FALSE
Nrsn2	Nrsn2-201	ENSMUST00000079278	18.0555555555556	1.30767473224434	2.34081839299541	0.162111899249298	3.01193404121907	182	39.618138424821	2.85633386981345	2.71646859083192	0.205997009593306	0.00027443690855406	5.8531746031746	TRUE	189.383416267023	2.70400388812262	1.39173641354988	1.94289943253374	0.0520283105215294	0.390786760534162	protein_coding	nervous system development	FALSE
Kcnc1	Kcnc1-201	ENSMUST00000025202	23.8095238095238	1.76130705240375	3.03770325808565	0.221801693465821	2.9892984681763	240	32.9355608591885	2.3320914800894	17.3174872665535	1.35526515902465	2.80662029043251e-05	3.67063492063492	FALSE	325.693432581782	2.21359419482312	1.12177073702693	1.97330356529882	0.0484609869735039	0.381544953777306	protein_coding	monoatomic ion transport; transmembrane transport; potassium ion transport	FALSE
Snhg11	Snhg11-202	ENSMUST00000137320	19.8412698412698	1.41946431714274	2.63267615700756	0.184951346292307	2.9401220914292	200	30.0715990453461	2.05755899926723	12.5636672325976	0.965539577227363	4.6017576131042e-05	1.58730158730159	FALSE	253.889006500974	2.28854637113057	1.85832455248774	1.23151059273629	0.218131957333933	0.674313233682398	retained_intron		FALSE
Nrsn1	Nrsn1-201	ENSMUST00000057866	13.2936507936508	0.954251388640435	1.81070939305498	0.125823990076246	2.92295240868266	134	21.9570405727924	1.51100025611337	7.13073005093379	0.558194044886345	0.000314587833004279	3.96825396825397	FALSE	163.464233140263	2.38545990701123	1.07192435947841	2.22539947517562	0.0260544327470136	0.28828104861594	protein_coding	nervous system development	FALSE
Cacng2	Cacng2-201	ENSMUST00000019290	20.2380952380952	1.43959289979664	2.68628268509143	0.191860753486987	2.90752284151475	204	35.0835322195704	2.39863346256861	9.67741935483871	0.75735521592321	3.48343011483989e-05	2.87698412698413	FALSE	277.64631874064	1.97063379731524	1.29509862692798	1.52160905458579	0.128107067425289	0.553060897478391	protein_coding	calcium ion transport; calcium ion transmembrane transport; monoatomic ion transport	FALSE
Grin1	Grin1-214	ENSMUST00000155627	11.1111111111111	0.840524760768093	1.52480790994103	0.115642744549495	2.86160480721862	112	6.92124105011933	0.461970871311557	14.0916808149406	1.1098186142185	9.88769307497461e-06	0.892857142857143	FALSE	191.891552525256	1.64498257332829	2.22861741463768	0.738117975083543	0.460442761618429	0.832378166844734	processed_transcript	monoatomic ion transport; monoatomic ion transmembrane transport; calcium ion transmembrane transport	TRUE
Grm1	Grm1-201	ENSMUST00000044306	10.0198412698413	0.694572617333937	1.32229435940199	0.0958373923429876	2.85745199975513	101	19.3317422434368	1.30945781811982	3.3955857385399	0.257158527131419	1.63569164651943e-05	0.992063492063492	FALSE	129.218660217338	1.85800298217214	1.36330145953664	1.3628702362012	0.172923410545703	0.61935989708103	protein_coding	G protein-coupled receptor signaling pathway; regulation of postsynaptic membrane potential; regulation of membrane potential	FALSE
Cadps	Cadps-209	ENSMUST00000224704	15.6746031746032	1.1337537439048	2.19786765143844	0.158180440946713	2.84145634048721	158	17.1837708830549	1.1497500850491	14.6010186757216	1.12237434332847	3.86125816423066e-05	2.08333333333333	FALSE	233.218749760047	1.84070283387003	1.30280854321529	1.41287286106309	0.15769311003139	0.599618978431273	retained_intron	protein transport; exocytosis; synaptic vesicle exocytosis	FALSE
Serpini1	Serpini1-201	ENSMUST00000029423	15.2777777777778	1.13865196277989	2.34081839299541	0.160826162798679	2.82374511600992	154	27.9236276849642	2.04876053491711	6.28183361629881	0.491223284128791	0.0006510614487498	9.22619047619048	TRUE	184.757039783816	2.74237551451987	1.13351389447303	2.41935765224546			protein_coding		FALSE
Spock1	Spock1-204	ENSMUST00000186271	12.0039682539683	0.825747241565637	1.69754005598904	0.117051226034833	2.81854962119756	121	25.5369928400955	1.7400093162152	2.37691001697793	0.175363864183352	1.91426932534114e-05	1.58730158730159	FALSE	145.047228047186	2.55146488000163	1.17900881523642	2.16407616892161	0.0304585041397448	0.307640380441996	protein_coding	negative regulation of cell-substrate adhesion; negative regulation of neuron projection development	FALSE
Meg3	Meg3-201	ENSMUST00000124106	32.1428571428572	2.42530175138358	4.657811662398	0.346255355809699	2.80825239233566	324	32.9355608591885	2.32799263987472	31.5789473684211	2.49452504123454	8.73895294265151e-06	3.17460317460317	FALSE	561.432326360979	1.51181604715342	1.91067164644587	0.79124848582205	0.428799002810367	0.818550190612302	lincRNA	negative regulation of cell growth; in utero embryonic development; post-embryonic development	FALSE
Gabrb2	Gabrb2-201	ENSMUST00000007797	11.7063492063492	0.812505395562975	1.64988980880338	0.117838797814607	2.78555230894017	118	21.0023866348449	1.40348804548213	5.09337860780985	0.39209498755597	3.70741508322262e-05	1.78571428571429	FALSE	136.176995144281	2.46049616316778	1.12998298827673	2.17746301377521	0.0294460385295287	0.302694819658966	protein_coding	monoatomic ion transport; monoatomic ion transmembrane transport; regulation of postsynaptic membrane potential	TRUE
Slc38a1	Slc38a1-203	ENSMUST00000100262	12.3015873015873	0.866306509260382	1.76901542676753	0.125923292442701	2.78232259815565	124	21.0023866348449	1.41452118956978	6.11205432937182	0.476320174710909	1.3152727717235e-05	2.38095238095238	FALSE	124.187934884068	2.73926697489793	1.10275636960304	2.48401827493773	0.0129909140992513	0.199439987993096	protein_coding	monoatomic ion transport; sodium ion transport; amino acid transport	FALSE
Cplx1	Cplx1-201	ENSMUST00000046892	16.765873015873	1.20000768899786	2.54333194353446	0.182776636657189	2.71488338347797	169	28.1622911694511	1.93893761093153	8.65874363327674	0.674351258963555	0.000441789675188727	5.15873015873016	TRUE	237.290873804944	1.97776076510114	0.97390580763609	2.03075158767321	0.0422802003076755	0.356609951710576	protein_coding	neurotransmitter transport; exocytosis; synaptic vesicle exocytosis	FALSE
Ube3a	Ube3a-215	ENSMUST00000202776	16.0714285714286	1.1499298726711	2.50163797724701	0.178492984698938	2.68759977619563	162	18.1384248210024	1.20478118651515	14.6010186757216	1.11091000764452	3.72329741062028e-05	0.793650793650794	FALSE	227.933875498581	1.74159219498165	0.943024852946017	1.84681473615558	0.0647739954020197	0.419008351138005	retained_intron	ubiquitin-dependent protein catabolic process; protein polyubiquitination; positive regulation of transcription by RNA polymerase II	FALSE
Kcnd3	Kcnd3-202	ENSMUST00000098761	13.3928571428571	0.946375932701714	2.06087319077968	0.15389790542111	2.62043193860149	135	21.0023866348449	1.41209549503119	7.97962648556876	0.615074580212666	3.02598639882272e-05	2.18253968253968	FALSE	207.433551609194	1.75427436896098	1.12029679648872	1.56590144188514	0.117371692257036	0.533132343122786	protein_coding	monoatomic ion transport; transmembrane transport; potassium ion transport	FALSE
Grk3	Grk3-201	ENSMUST00000065167	12.8968253968254	0.909578884974139	2.06682947167788	0.149297251767989	2.60700307781016	130	16.7064439140811	1.08902060364497	10.1867572156197	0.781928494272818	7.37617615743342e-06	0.694444444444445	FALSE	148.968462767445	2.1997495861838	1.34739834173663	1.63259039145661	0.102555173426818	0.50810572017792	protein_coding	signal transduction; protein phosphorylation; G protein-coupled receptor signaling pathway	FALSE
Kalrn	Kalrn-212	ENSMUST00000114973	11.1111111111111	0.782184448625627	1.78092798856394	0.132112933099861	2.56572807195906	112	16.7064439140811	1.12237859570004	7.13073005093379	0.540178765053165	8.78663562905624e-06	1.28968253968254	FALSE	172.187806263328	1.6199521086477	1.38156349904739	1.17254987538733	0.240976360177975	0.694531003761964	protein_coding	protein phosphorylation; regulation of dendrite development; adult locomotory behavior	FALSE
Dlg2	Dlg2-211	ENSMUST00000207095	13.8888888888889	0.987495758861136	2.38846864018107	0.167399943089202	2.56046835736098	140	23.6276849642005	1.61727563784734	6.96095076400679	0.539485963792849	4.20343082629658e-05	0.892857142857143	FALSE	193.428366570349	2.09373340375605	1.36384429984597	1.53517040324362	0.124741976313427	0.546719582802198	retained_intron	chemical synaptic transmission; sensory perception of pain; cell-cell adhesion	FALSE
Nrxn3	Nrxn3-204	ENSMUST00000110138	12.3015873015873	0.885573240030929	2.12043599976175	0.150243954590843	2.55929671270069	124	18.3770883054893	1.26770502071035	7.97962648556876	0.613734163452527	1.88092374801829e-05	0.892857142857143	FALSE	212.797343746844	1.77967086610972	1.67714865317391	1.06112887652611	0.288631336328732	0.732888487698339	retained_intron	regulation of biological quality; cell adhesion; neurotransmitter secretion	TRUE
Slc6a17	Slc6a17-206	ENSMUST00000168211	13.6904761904762	0.96306458155443	2.30508070760617	0.164415676159591	2.55027741061046	138	26.7303102625298	1.83039054507736	4.41426146010187	0.346070390185829	1.95586911792508e-05	1.98412698412698	FALSE	210.822663804787	1.63309489230874	1.43485608235513	1.13815936830977	0.255053941627839	0.703575795801227	nonsense_mediated_decay	monoatomic ion transport; sodium ion transport; amino acid transport	FALSE
5330434G04Rik	5330434G04Rik-203	ENSMUST00000142109	12.5992063492064	0.905137888183453	2.2455178986241	0.154568601152857	2.54988256651079	127	13.6038186157518	0.89807739944035	11.8845500848896	0.910160544861484	1.30542053322149e-05	0.396825396825397	FALSE	159.217181180907	2.09494950896651	1.02257922481189	2.04869163985987	0.0404922772137126	0.348466926171986	lincRNA		FALSE
Gm38393	Gm38393-203	ENSMUST00000191456	17.7579365079365	1.28065877790749	3.09130978616952	0.222341257026852	2.52603318850023	179	19.8090692124105	1.32451178520816	16.2988115449915	1.24946283553232	6.03602356098677e-05	1.68650793650794	FALSE	257.122005027449	1.7943002429897	0.888305302829572	2.01991391616622	0.0433923175427059	0.362781258218053	processed_transcript		FALSE
Nrxn3	Nrxn3-205	ENSMUST00000163134	17.4603174603175	1.2589734786604	3.15682887604979	0.219507364873805	2.51990121456552	176	28.1622911694511	1.95269153375446	9.8471986417657	0.765479649994175	4.73295965815715e-05	4.06746031746032	FALSE	245.136428950718	1.98579635160222	1.39360264619557	1.42493727105305	0.154175334654918	0.595741292772526	protein_coding	regulation of biological quality; cell adhesion; neurotransmitter secretion	TRUE
Mef2c	Mef2c-209	ENSMUST00000196832	10.218253968254	0.734271526966119	1.73923402227649	0.129905990035591	2.4988365606889	103	13.126491646778	0.891751992266568	8.14940577249576	0.622243827541861	1.14296670993048e-05	0.396825396825397	FALSE	175.912915464898	1.76143688090052	1.18396785210032	1.48774046337136	0.136819352122659	0.572229439536647	retained_intron	positive regulation of transcription by RNA polymerase II; gene expression; cell proliferation in bone marrow	FALSE
Asph	Asph-217	ENSMUST00000146441	11.5079365079365	0.795303850572489	2.09065459527071	0.146712685565928	2.43850451696883	116	24.1050119331742	1.6367797748853	2.54668930390492	0.196698736332988	5.18838243601405e-05	2.38095238095238	FALSE	180.67834976305	1.87213994842627	1.22929232296742	1.52294121865747	0.127773412277003	0.552941606326083	protein_coding	peptidyl-amino acid modification; negative regulation of cell population proliferation; cell population proliferation	FALSE
Syngr3	Syngr3-201	ENSMUST00000007236	12.9960317460317	0.892483467026564	2.35868723569004	0.165037473940033	2.43502467417309	131	26.491646778043	1.78445387224417	3.3955857385399	0.257957830717267	0.000207115045881851	3.07539682539683	FALSE	174.338972060534	1.93637720495165	1.17908469156665	1.64227151688213	0.100533747219984	0.505141159990772	protein_coding	regulated exocytosis; positive regulation of transporter activity	FALSE
Ube3a	Ube3a-205	ENSMUST00000200949	19.9404761904762	1.45185352414147	3.76436952766692	0.269762816145749	2.4281281471265	201	19.5704057279236	1.2950979834314	20.2037351443124	1.56336553018139	2.87284820338987e-05	1.28968253968254	FALSE	325.061634656321	1.52847864981782	0.781681184107792	1.95537347053124	0.0505390050781233	0.386399215879545	retained_intron	ubiquitin-dependent protein catabolic process; protein polyubiquitination; positive regulation of transcription by RNA polymerase II	FALSE
Snap25	Snap25-203	ENSMUST00000125486	22.4206349206349	1.63142814172491	4.16939662874501	0.306633452988594	2.41154461757745	226	27.2076372315036	1.85555284689078	19.0152801358234	1.47199138202288	2.37530619344832e-05	1.28968253968254	FALSE	440.180321967857	1.29855855492933	1.92132650707221	0.67586563249373	0.499125959579476	0.847980149815837	retained_intron	long-term synaptic potentiation; insulin secretion; locomotory behavior	TRUE
Arl4c	Arl4c-202	ENSMUST00000159814	19.1468253968254	1.38290665180437	3.63333134790637	0.2614043198903	2.40334441200971	193	31.5035799522673	2.18831147240452	10.3565365025467	0.809961626623624	3.00082207241692e-05	2.38095238095238	FALSE	209.471532454871	2.81358855113679	1.13354535854244	2.48211377686255			protein_coding	intracellular protein transport	FALSE
Lingo2	Lingo2-209	ENSMUST00000145615	16.3690476190476	1.17074752573733	2.97218416820537	0.223204011389592	2.3909898973552	165	28.400954653938	1.98358772596268	7.80984719864177	0.59251315579773	2.17022576957853e-05	0.992063492063492	FALSE	258.686176534731	1.9995012753283	1.97590182142184	1.01194363690068	0.311565003331475	0.748374613869692	processed_transcript	regulation of nervous system development; positive regulation of synapse assembly	FALSE
Pfkp	Pfkp-212	ENSMUST00000151894	22.5198412698413	1.68257947383579	4.4076478646733	0.321290428941861	2.38872110736058	227	19.3317422434368	1.29226409935926	24.7877758913413	1.96024015618836	1.4492982243153e-05	2.18253968253968	FALSE	386.057948506053	1.70010097042608	0.901182799373835	1.88652177072993	0.0592246774959977	0.406843153179434	retained_intron	glycolytic process; fructose 6-phosphate metabolic process; cellular response to leukemia inhibitory factor	FALSE
Snhg11	Snhg11-205	ENSMUST00000149303	80.5555555555556	6.92376690121434	16.3440347846804	1.32489939950676	2.38567345549382	812	97.1360381861575	8.31718836774858	68.7606112054329	5.93252140974092	4.38262832543759e-05	18.75	TRUE	1638.25561863994	1.63773131924546	1.72144282995371	0.951371309432036	0.341415919344879	0.768173972033287	nonsense_mediated_decay		FALSE
Unc80	Unc80-201	ENSMUST00000061620	16.2698412698413	1.15063035094177	3.07344094347489	0.223050279053495	2.36697835843037	164	24.3436754176611	1.65394687887326	10.5263157894737	0.792583449068607	1.33953854703997e-05	2.08333333333333	FALSE	275.355960919301	1.25875728503893	1.52671941108013	0.824485020563386	0.409664023674048	0.809490917574353	protein_coding	monoatomic cation transmembrane transport; monoatomic cation homeostasis	FALSE
C230004F18Rik	C230004F18Rik-210	ENSMUST00000232525	34.2261904761905	2.53079427188267	6.5757341116207	0.495001680694637	2.354082562413	345	38.1861575178998	2.63917648523882	31.4091680814941	2.45369385185512	1.55229207898418e-05	3.57142857142857	FALSE	659.857810704254	1.22884649813384	1.62335656131621	0.756978797767939	0.449062564954788	0.828473559045266	lincRNA		FALSE
Snhg11	Snhg11-201	ENSMUST00000109488	91.5674603174603	8.43622889903405	19.637858121389	1.66362505162558	2.34226722889941	923	96.6587112171838	8.67806146148991	87.9456706281834	8.26419520859429	9.05549989108091e-05	41.6666666666667	TRUE	2185.40642783524	1.42008090095983	1.55822260270318	0.911346619216207	0.362112770183579	0.784220443029453	protein_coding		FALSE
Slc2a13	Slc2a13-202	ENSMUST00000109283	22.2222222222222	1.61157031018901	4.31234737030198	0.319973234415451	2.33244038399674	224	36.2768496420048	2.53207010693313	12.2241086587436	0.956749571927909	0.000149179095654212	5.75396825396825	TRUE	347.894523407632	1.81218048603443	1.32757741417942	1.3650281081006	0.172244215782017	0.618028105808383	protein_coding	transmembrane transport; myo-inositol transport; positive regulation of amyloid-beta formation	FALSE
Syngr1	Syngr1-201	ENSMUST00000009727	21.9246031746032	1.56302609666397	4.38382274108047	0.31041504851095	2.33206773723459	221	42.4821002386635	2.96114632686353	7.30050933786078	0.568438021190943	0.000140668975704834	6.0515873015873	TRUE	344.478252848907	1.75696995915562	1.06753697549496	1.64581649112529	0.0998015459986452	0.503146031638221	protein_coding	cellular response to leukemia inhibitory factor; regulated exocytosis; regulation of short-term neuronal synaptic plasticity	FALSE
Rims2	Rims2-211	ENSMUST00000228839	14.6825396825397	1.01857719148187	2.94240276371434	0.202845918223577	2.32809344399901	148	28.400954653938	1.93622809280753	4.92359932088285	0.365783086803689	1.84259793632506e-05	0.496031746031746	FALSE	191.086613480942	2.02434432919673	1.05026080110857	1.92746823175729	0.053921303444205	0.39675294164933	protein_coding	intracellular protein transport; exocytosis; insulin secretion	TRUE
Rab3c	Rab3c-201	ENSMUST00000167824	26.0912698412698	1.95257851818638	5.44404074096134	0.389214549000986	2.32674005140912	263	42.2434367541766	3.06054583553691	14.6010186757216	1.16439803266877	0.000121292136692751	10.3174603174603	TRUE	392.583581005169	1.83119807396172	1.07006871949389	1.71129016352128	0.0870275612879116	0.476148520152135	protein_coding	protein transport; intracellular protein transport; exocytosis	FALSE
Peg3	Peg3-203	ENSMUST00000150182	17.4603174603175	1.24947122007537	3.59759366251712	0.250289195915252	2.31964514024473	176	24.582338902148	1.64534699938166	12.3938879456706	0.967855003556968	5.25149738178566e-06	1.28968253968254	FALSE	236.700641038348	1.98951756303759	0.62170701311432	3.20008866084925	0.00137385318522761	0.0613269315816193	nonsense_mediated_decay	positive regulation of transcription by RNA polymerase II; regulation of gene expression; negative regulation of transcription by RNA polymerase II	FALSE
Strbp	Strbp-201	ENSMUST00000028279	32.1428571428572	2.35030121908875	6.71272857227947	0.482678016581565	2.28371026578765	324	44.1527446300716	3.06756050995986	23.5993208828523	1.8400607388256	3.37748434213597e-05	4.46428571428571	FALSE	509.648928712099	1.69436489792378	0.657102865656438	2.57853828750408	0.00992193036898235	0.175731349411836	protein_coding	cell differentiation; spermatogenesis; spermatid development	FALSE
Gpr158	Gpr158-202	ENSMUST00000155760	12.3015873015873	0.876950572728832	2.50163797724701	0.180222268865087	2.28271188450467	124	23.6276849642005	1.64849440335145	4.24448217317487	0.328093416479469	1.68134082076186e-05	1.09126984126984	FALSE	221.584480246029	1.63218451908917	1.29124295973887	1.26404136942536	0.206215178782059	0.661468570748163	retained_intron	G protein-coupled receptor signaling pathway; signal transduction; protein localization to plasma membrane	FALSE
Syt13	Syt13-201	ENSMUST00000028648	19.4444444444444	1.36609686118225	3.85967002203824	0.281102398386404	2.2808880352632	196	36.0381861575179	2.45605541040285	7.64006791171477	0.590727366914961	5.31317141586019e-05	2.67857142857143	FALSE	332.156743772559	1.49844216887859	1.23432924236266	1.21397283435527	0.224758097923038	0.681165362765072	protein_coding	vesicle-mediated transport; regulation of calcium ion-dependent exocytosis; regulation of synaptic vesicle exocytosis	FALSE
Gm27000	Gm27000-201	ENSMUST00000182943	67.7579365079365	5.46005735261068	14.7298826612663	1.14293828817318	2.25616759853901	683	89.0214797136038	7.03921299623747	52.6315789473684	4.33668517149079	0.000654145669895849	16.8650793650794	TRUE	1379.89280420438	1.49827135967253	1.83066527772513	0.818429987121595	0.413111704688246	0.811648338906585	lincRNA	negative regulation of cell growth	FALSE
Peg3	Peg3-201	ENSMUST00000051209	46.3293650793651	3.49413099200004	10.2984096730002	0.733726254861638	2.25161832628824	467	60.8591885441528	4.37229683342615	35.9932088285229	2.86942558018758	4.73908964049165e-05	6.74603174603175	TRUE	742.116124232008	1.73203002273738	0.602906735428493	2.87279925892087	0.00406852544747217	0.111296209407222	protein_coding	positive regulation of transcription by RNA polymerase II; regulation of gene expression; negative regulation of transcription by RNA polymerase II	FALSE
Camk2n2	Camk2n2-201	ENSMUST00000052939	13.2936507936508	0.930679283295006	2.72797665137888	0.195913170196742	2.24806389421403	134	27.9236276849642	1.92891489631087	2.88624787775891	0.220559212236181	0.000298035411573507	3.86904761904762	FALSE	200.317050322443	1.79270563182158	0.644955239925838	2.77958146681267	0.0054428999079467	0.129566593843941	protein_coding		FALSE
Neto1	Neto1-201	ENSMUST00000058829	13.2936507936508	0.9580688436102	2.79349574125916	0.202084961000892	2.24516173219306	134	21.4797136038186	1.50135345844383	7.47028862478778	0.571589635434831	4.42943499916768e-05	1.98412698412698	FALSE	250.560638592925	1.49035327011776	1.12748188500634	1.32184231954147	0.1862206629024	0.637407616214907	protein_coding	memory; regulation of long-term neuronal synaptic plasticity; receptor localization to synapse	FALSE
Thsd7a	Thsd7a-206	ENSMUST00000172356	12.202380952381	0.867841593800722	2.70415152778605	0.183477790006656	2.24182009713073	123	21.0023866348449	1.42791536266284	5.94227504244482	0.469418997615273	3.73791528319964e-05	3.17460317460317	FALSE	141.273525009537	1.93439035858247	0.887132512921728	2.18049764878039	0.0292205929318614	0.302294213157885	protein_coding	cell differentiation; angiogenesis	FALSE
Cntnap2	Cntnap2-205	ENSMUST00000199100	13.6904761904762	0.954764422963296	2.93049020191792	0.202701735027456	2.23578076492045	138	25.7756563245823	1.74160729765438	5.09337860780985	0.395023905992899	6.53511038920007e-05	2.87698412698413	FALSE	191.480183458045	1.95369399620678	1.55079757369369	1.25979949243374	0.207741702945717	0.662295566241797	protein_coding	cell adhesion; regulation of biological quality; central nervous system development	FALSE
Kcnj9	Kcnj9-201	ENSMUST00000062387	12.3015873015873	0.85997807562722	2.60289475251653	0.184777143380496	2.21850744106169	124	23.8663484486874	1.62368066993176	4.07470288624788	0.316698980527722	7.73088580035552e-06	0.793650793650794	FALSE	181.491792295183	1.80181194039319	1.19384533394155	1.50925072885647	0.131234720802518	0.560149041319017	protein_coding	potassium ion transport; monoatomic ion transport; potassium ion transmembrane transport	FALSE
Rit2	Rit2-203	ENSMUST00000153060	11.6071428571429	0.791659883109536	2.46590029185776	0.172230160369	2.20053638658499	117	26.9689737470167	1.82820731374318	0.67911714770798	0.054285734662176	0.000136455000787692	1.88492063492064	FALSE	168.984599683448	1.72543367022106	1.22179872468228	1.41220778460851	0.157888789036415	0.599703645517649	protein_coding	signal transduction; Ras protein signal transduction; positive regulation of transcription by RNA polymerase II	FALSE
Slc2a3	Slc2a3-201	ENSMUST00000032476	10.3174603174603	0.703285490893247	2.17404252784561	0.153765541740798	2.19337088592464	104	20.0477326968974	1.32391601896589	3.3955857385399	0.261784317272808	1.23878105209972e-05	0.992063492063492	FALSE	163.9927316969	1.62133746091286	1.21771867421757	1.33145487150768	0.183039384700624	0.63375725446002	protein_coding	transmembrane transport; D-glucose transmembrane transport; D-glucose import	FALSE
Rab3c	Rab3c-202	ENSMUST00000223922	16.5674603174603	1.17140902308864	3.72267556137947	0.256194727669906	2.19292782137977	167	34.3675417661098	2.40303688690742	3.90492359932088	0.295259490083432	7.33395136929655e-05	5.25793650793651	TRUE	227.751890732776	1.93550867502076	1.41048429606265	1.37222986489372	0.169991891092398	0.615412025811529	protein_coding	protein transport; intracellular protein transport; exocytosis	FALSE
Meg3	Meg3-206	ENSMUST00000143272	95.8333333333333	9.08754383773399	23.3486211209721	2.01160859613222	2.17554023653126	966	97.3747016706444	8.81288658152197	94.7368421052632	9.28292820166073	3.19307537852224e-05	40.6746031746032	TRUE	2573.19218829836	1.24833421733253	1.84412720052938	0.676924138949947	0.498454087616373	0.847884592860811	lincRNA	negative regulation of cell growth; in utero embryonic development; post-embryonic development	FALSE
Meg3	Meg3-205	ENSMUST00000129245	86.2103174603175	7.3414945284655	20.0905354696528	1.62809043785684	2.17289225553037	869	94.272076372315	7.81521753495188	80.4753820033956	7.00449972419082	0.000187179486398959	26.6865079365079	TRUE	1990.22953249791	1.33628888967586	1.57850503585369	0.846553453630991	0.397244067566121	0.802657806221413	lincRNA	negative regulation of cell growth; in utero embryonic development; post-embryonic development	FALSE
Gpr158	Gpr158-201	ENSMUST00000055946	12.4007936507937	0.845786619692156	2.73393293227709	0.191336038912481	2.14417926613266	125	24.3436754176611	1.61784697259444	3.90492359932088	0.296562022296477	3.21151121832255e-05	2.08333333333333	FALSE	207.398778380477	1.58305455619679	1.17694570051278	1.34505317917986	0.178608061758179	0.626733318784908	protein_coding	G protein-coupled receptor signaling pathway; signal transduction; protein localization to plasma membrane	FALSE
Dner	Dner-201	ENSMUST00000049126	17.7579365079365	1.26361677628876	4.1634403478468	0.286792385908767	2.139476480057	179	32.2195704057279	2.24222237203788	7.47028862478778	0.56746101292902	0.000366378986100046	8.82936507936508	TRUE	225.84575012463	2.13468106287022	0.833782590147175	2.56023703072694	0.010460079309153	0.178446449546275	protein_coding	skeletal muscle fiber development; nervous system development; cell differentiation	FALSE
Mir124a-1hg	Mir124a-1hg-201	ENSMUST00000180610	35.1190476190476	2.5767578248214	8.07671689796891	0.601613745988731	2.09864567854665	354	43.6754176610979	3.04443833884207	29.0322580645161	2.24406149990686	4.98130857878699e-05	4.26587301587302	FALSE	728.365047308765	1.1595729446881	1.84248449306192	0.629352892279201	0.529118051065277	0.858964111310183	lincRNA	sensory perception of sound; long-term synaptic potentiation; miRNA-mediated post-transcriptional gene silencing	FALSE
Syt4	Syt4-201	ENSMUST00000025110	28.7698412698413	2.0930478314651	6.82589790934541	0.489540500227051	2.09610289782811	290	54.653937947494	3.92723998898849	10.3565365025467	0.788248996147094	0.00016599521525041	5.05952380952381	TRUE	494.649018224749	1.57946246511063	1.10044587746002	1.43529318202931	0.151203569802081	0.591211063690673	protein_coding	cell differentiation; regulation of endocytosis; vesicle fusion	FALSE
Slitrk4	Slitrk4-202	ENSMUST00000114679	13.3928571428571	0.944617344279332	3.23426052772649	0.223148853767518	2.08171869140253	135	26.9689737470167	1.87483399074438	3.73514431239389	0.282884279985862	1.59016401247323e-05	0.992063492063492	FALSE	217.262702114121	1.76839268206206	1.23757958245659	1.42891229552431	0.15302944300753	0.594051796119507	protein_coding	long-term synaptic potentiation; cell population proliferation; positive regulation of synapse assembly	FALSE
Ntrk2	Ntrk2-201	ENSMUST00000079828	25.7936507936508	1.88086588698635	6.27792006671035	0.449122015533485	2.06621518907541	260	41.0501193317422	2.89071836955469	14.9405772495756	1.16248186288426	4.91063666764933e-05	6.0515873015873	TRUE	439.365853598406	1.62809846687134	1.20336005604675	1.35296037016546	0.176068291211927	0.623333275570332	protein_coding	protein phosphorylation; cell surface receptor protein tyrosine kinase signaling pathway; cellular response to amino acid stimulus	FALSE
Meg3	Meg3-209	ENSMUST00000146701	95.4365079365079	9.12082771567965	25.1414616713324	2.18503142027104	2.06151022739625	962	98.8066825775656	8.93987614306355	93.0390492359932	9.24955217905169	5.86682137846645e-05	49.4047619047619	TRUE	2770.28855783025	1.11411404371127	1.73909730369475	0.640627779333742	0.521764546648339	0.857061508972412	lincRNA	negative regulation of cell growth; in utero embryonic development; post-embryonic development	FALSE
Stmn2	Stmn2-201	ENSMUST00000029002	17.0634920634921	1.20013773241778	4.11579010066115	0.28890007397787	2.05455371448447	172	34.8448687350835	2.40818640189191	4.41426146010187	0.340761853793567	9.44980919940541e-05	3.86904761904762	FALSE	313.538308975319	1.45754398477664	0.982696648529595	1.48320846210024	0.138019033633462	0.574379685278464	protein_coding	regulation of microtubule polymerization or depolymerization; positive regulation of neuron projection development; neuron projection development	FALSE
Slc12a5	Slc12a5-205	ENSMUST00000137302	21.1309523809524	1.49713262171527	5.11048901066174	0.362727916067454	2.04523932618003	213	40.8114558472554	2.83354745239611	7.13073005093379	0.546440237920252	0.000131634998665929	4.06746031746032	FALSE	344.808867008514	1.58626798715749	1.27864911894077	1.24058114431859	0.214760521091114	0.670841101762787	retained_intron	monoatomic ion transport; transmembrane transport; multicellular organism growth	FALSE
C230004F18Rik	C230004F18Rik-203	ENSMUST00000137153	18.9484126984127	1.34150173178012	4.50294835904461	0.326953181435331	2.03668961322254	191	30.7875894988067	2.10844116929761	10.5263157894737	0.795920026653078	5.79482242802144e-05	1.58730158730159	FALSE	356.49902802083	1.28371086361053	1.52619633369437	0.84111777447606	0.40028195847106	0.804409818571476	lincRNA		FALSE
Ntrk2	Ntrk2-207	ENSMUST00000225488	14.2857142857143	0.998591716961788	3.50824944904402	0.243514061730634	2.03588537702031	144	25.7756563245823	1.73312819353318	6.11205432937182	0.47606067505447	1.9435863117168e-05	2.87698412698413	FALSE	223.389954043738	1.76902096514656	1.22968084127068	1.43860171336699	0.150263400643912	0.590738418678552	protein_coding	protein phosphorylation; cell surface receptor protein tyrosine kinase signaling pathway; cellular response to amino acid stimulus	FALSE
Hcn1	Hcn1-202	ENSMUST00000207599	14.2857142857143	1.03520026414328	3.60354994341533	0.253750276120029	2.02842430143161	144	20.2863961813843	1.40814965479325	10.0169779286927	0.76989331222081	1.39244576494744e-05	0.892857142857143	FALSE	248.268932036146	1.73667077221807	1.57656311794318	1.10155486478953	0.270655239824897	0.716577817304303	retained_intron	monoatomic ion transport; transmembrane transport; potassium ion transport	FALSE
Atp11b	Atp11b-203	ENSMUST00000196700	14.781746031746	1.07453440966185	3.77032580856513	0.265927359020747	2.01460348355241	149	17.1837708830549	1.16212522222687	13.0730050933786	1.01222447678452	1.28272672793158e-05	1.58730158730159	FALSE	268.563946449256	1.44638855737855	0.582932479351452	2.48122828734427	0.0130930489056455	0.200019202179673	retained_intron	phospholipid transport; lipid transport; phospholipid translocation	FALSE
Gabrg2	Gabrg2-201	ENSMUST00000070725	11.3095238095238	0.787718626371337	2.80540830305557	0.196457452647106	2.0034579802842	114	22.1957040572792	1.50915699867374	3.56536502546689	0.274505251168099	0.000129750515672382	3.27380952380952	FALSE	189.110227738392	1.65317237808228	1.27052722514572	1.30117036877559	0.193200145364169	0.645234354449638	protein_coding	monoatomic ion transport; chloride transport; gamma-aminobutyric acid signaling pathway	FALSE
Frmd4a	Frmd4a-206	ENSMUST00000132710	10.1190476190476	0.743328702677718	2.53737566263625	0.185391688325838	2.00341791089937	102	8.59188544152745	0.574476848965352	11.2054329371817	0.863445725946787	1.06856161151459e-05	0.694444444444445	FALSE	174.609437448736	1.53144767991077	1.59476441759071	0.960297121642834	0.336905698300637	0.765215257298817	processed_transcript	establishment of epithelial cell polarity; negative regulation of protein secretion; positive regulation of protein secretion	FALSE
Vezt	Vezt-204	ENSMUST00000119818	15.4761904761905	1.11595034751908	3.95497051640955	0.280939616063946	1.98993701337242	156	19.3317422434368	1.30767225348305	12.7334465195246	0.979564135975955	3.98268866734654e-06	0.793650793650794	FALSE	258.862210743591	1.5255185667688	0.408904987214281	3.73074091651852	0.000190917479092078	0.0198395080356518	protein_coding	cell-cell adhesion; synapse maturation; chordate embryonic development	FALSE
Myo5a	Myo5a-201	ENSMUST00000123128	13.3928571428571	0.937869364106948	3.3236047411996	0.237664402122448	1.98045662207009	135	23.3890214797136	1.5637351898616	6.28183361629881	0.492643929486914	5.0277087813405e-05	2.28174603174603	FALSE	234.262944324057	1.46973344914404	0.917868110733193	1.60124688063302	0.109322249125971	0.51956112007655	protein_coding	insulin secretion; myelination; odontogenesis	FALSE
Disp2	Disp2-201	ENSMUST00000037547	22.5198412698413	1.59177867591025	5.71207338138067	0.408303110816591	1.96292466312332	227	41.7661097852029	2.88182181821259	8.82852292020374	0.674073961776656	5.58220212185037e-05	4.96031746031746	FALSE	416.199455197981	1.28690987792971	1.19691954952779	1.07518494324654	0.282291935146284	0.727154974469054	protein_coding	biological_process; smoothened signaling pathway	FALSE
Hcn1	Hcn1-201	ENSMUST00000006991	14.3849206349206	1.04402381188849	3.81201977485258	0.268080390992224	1.9614130163559	145	19.5704057279236	1.34223813679803	10.6960950764007	0.831881533217689	4.50163258489812e-05	4.06746031746032	FALSE	258.475461401482	1.53462755491594	1.3553781768753	1.13225045311994	0.257529154081585	0.706472108487481	protein_coding	monoatomic ion transport; transmembrane transport; potassium ion transport	FALSE
Cers4	Cers4-201	ENSMUST00000008350	12.3015873015873	0.876237828499247	3.12109119066055	0.226095066604051	1.95438825204989	124	16.945107398568	1.14288767572216	8.99830220713073	0.686549736841521	1.55787118616003e-05	1.78571428571429	FALSE	256.777886937246	1.05519180207837	0.733242975561571	1.43907522778548	0.150129209806287	0.590623865878843	protein_coding	ceramide biosynthetic process; lipid metabolic process; sphingolipid metabolic process	FALSE
Tmem179	Tmem179-201	ENSMUST00000066791	17.8571428571429	1.27143132267008	4.61016141521234	0.328238540592603	1.95363372531728	180	31.2649164677804	2.13604909978077	8.31918505942275	0.656363667985236	7.0785399395954e-05	2.57936507936508	FALSE	338.584252961129	1.44866889185928	1.29424505375905	1.11931576454684	0.263005452744476	0.709981270114304	protein_coding	biological_process	FALSE
Gdap1	Gdap1-201	ENSMUST00000026879	14.9801587301587	1.0637332943632	4.01453332539163	0.28280502180243	1.91125308625583	151	21.7183770883055	1.44565977392429	10.1867572156197	0.79204026391142	3.50099958144828e-05	1.78571428571429	FALSE	278.769707657085	1.22150516474491	1.1578159991644	1.05500801995004	0.291421656827857	0.734547666018309	protein_coding	response to retinoic acid; protein targeting to mitochondrion; mitochondrial fusion	FALSE
Tmem240	Tmem240-203	ENSMUST00000176526	10.218253968254	0.70619124950377	2.68628268509143	0.188368411244519	1.90649627857266	103	18.6157517899761	1.24418178665463	4.24448217317487	0.323478116963512	1.28994182312234e-05	1.09126984126984	FALSE	182.692091763899	1.45152190119649	1.13722657142229	1.27637001954775	0.201824749050208	0.655368254927688	retained_intron	biological_process	FALSE
Celf4	Celf4-202	ENSMUST00000115816	14.8809523809524	1.04283252927967	3.88349514563107	0.281306393603438	1.89028949777211	150	24.3436754176611	1.63334133029866	8.14940577249576	0.622759205634589	4.98506584648609e-05	2.57936507936508	FALSE	339.727472046372	0.854103659797619	1.1523516217242	0.741183197642112	0.458582369736478	0.83229722299575	protein_coding	in utero embryonic development; mRNA splicing, via spliceosome; mRNA processing	FALSE
Kcnk9	Kcnk9-201	ENSMUST00000044624	12.202380952381	0.874300211315062	3.27595449401394	0.23656243082057	1.88590332604077	123	19.3317422434368	1.32588690132195	7.13073005093379	0.553052633873832	4.51058140037661e-06	0.694444444444445	FALSE	214.026685973542	1.55285966937609	1.97207247373095	0.787425254427005	0.431032967848157	0.818550190612302	protein_coding	potassium ion transmembrane transport; visual perception; monoatomic ion transport	FALSE
Gabbr2	Gabbr2-201	ENSMUST00000107749	18.0555555555556	1.28961851370107	4.91393174102091	0.350705594297498	1.87860901629164	182	35.799522673031	2.49910373410593	5.43293718166384	0.429220708353641	4.68406378656385e-05	4.16666666666667	FALSE	362.756416747105	1.1383460697127	1.21570498711258	0.936367031294642	0.349084246490572	0.773911384977408	protein_coding	G protein-coupled receptor signaling pathway; signal transduction; gamma-aminobutyric acid signaling pathway	FALSE
Nat8l	Nat8l-201	ENSMUST00000056355	15.7738095238095	1.09683465012714	4.18726547143963	0.299042476429346	1.87492021751347	159	29.3556085918854	1.97324814817076	6.11205432937182	0.473375811960286	2.442367745863e-05	2.28174603174603	FALSE	287.508254103829	1.33896943985279	1.13179221987247	1.1830523450706	0.236788402712174	0.691884786655922	protein_coding		FALSE
Gm45159	Gm45159-201	ENSMUST00000208630	15.6746031746032	1.15337364537436	4.21704687593067	0.314554696661316	1.87447381812619	158	16.2291169451074	1.10752003618573	15.2801358234295	1.18599276634217	5.08628071025306e-06	1.48809523809524	FALSE	383.271703558652	0.956328585756909	1.45233866250787	0.658474920791231	0.510233007109286	0.852738956981438	lincRNA		FALSE
Kcnma1	Kcnma1-205	ENSMUST00000145596	28.968253968254	2.14597550034651	8.04693549347787	0.586662211582128	1.87102984627392	292	48.2100238663485	3.47286289046884	15.2801358234295	1.20206070160074	2.31558162580629e-05	3.37301587301587	FALSE	617.042205544771	1.08780653005143	1.23758830517688	0.878972858341577	0.379415992344577	0.792427009212813	protein_coding	monoatomic ion transport; transmembrane transport; potassium ion transport	FALSE
Ube3a	Ube3a-206	ENSMUST00000201162	13.1944444444444	0.956167392260472	3.77628208946334	0.264986503993694	1.85134038762407	133	14.5584725536993	0.991355919476031	12.2241086587436	0.93113514624465	1.28499990251148e-05	0.694444444444445	FALSE	253.590679730372	1.17015386085117	0.508700196639131	2.30028191178638	0.0214322537687406	0.26010566571934	processed_transcript	ubiquitin-dependent protein catabolic process; protein polyubiquitination; positive regulation of transcription by RNA polymerase II	FALSE
Ptpn4	Ptpn4-201	ENSMUST00000064091	20.9325396825397	1.52753311036119	6.152838167848	0.43178495535586	1.82281637339217	211	33.890214797136	2.39950472206266	11.7147707979626	0.907234120033664	4.30323856583674e-05	3.17460317460317	FALSE	324.260036957957	1.6119043966801	0.390225227058586	4.13070269400625	3.61656056319723e-05	0.0075436937147312	protein_coding	protein dephosphorylation; dephosphorylation	FALSE
Cdr1	Cdr1-201	ENSMUST00000166381	15.4761904761905	1.13528673501155	4.39573530287688	0.322248559746967	1.81680769755058	156	19.0930787589499	1.28969345494031	12.9032258064516	1.02544562185341	0.000341760272800242	2.87698412698413	FALSE	369.486619702839	1.02010612740247	1.04783025467313	0.97354139456557	0.330284297342432	0.75978980335152	protein_coding		FALSE
Cadm3	Cadm3-202	ENSMUST00000111220	15.0793650793651	1.05132861657209	4.22895943772708	0.298930063141933	1.81433033283779	152	30.5489260143198	2.08138572955991	4.07470288624788	0.318571519217421	6.4298812891421e-05	3.76984126984127	FALSE	318.011049410453	1.02439063770933	1.16478875357523	0.87946473947747	0.379149343423592	0.792427009212813	protein_coding	cell adhesion; protein localization; homophilic cell adhesion via plasma membrane adhesion molecules	FALSE
Pclo	Pclo-204	ENSMUST00000182915	18.0555555555556	1.27539399715086	5.27130859491334	0.367226923632418	1.79619645814529	182	26.491646778043	1.77987876280278	12.0543293718166	0.916516039921395	2.14351695660911e-05	2.28174603174603	FALSE	357.168285022153	1.21960707262054	0.946519585663683	1.28851752366579	0.197565872846293	0.6511118383116	protein_coding	insulin secretion; regulation of biological quality; regulation of transport	TRUE
B230334C09Rik	B230334C09Rik-201	ENSMUST00000200255	25.8928571428571	1.90237647639763	7.51682649353744	0.554823279513955	1.7777007116631	261	31.9809069212411	2.1919775407936	21.5619694397284	1.69636145775261	2.19251402571065e-05	2.77777777777778	FALSE	577.034246809085	0.837090017363044	1.23809795432716	0.676109684566885	0.498971008321025	0.847884592860811	antisense		FALSE
Reep2	Reep2-201	ENSMUST00000043484	10.7142857142857	0.749575576960792	3.04961581988207	0.219456209453326	1.7721362064714	108	17.6610978520286	1.17790140000407	5.77249575551783	0.444875203692311	4.90470313059715e-05	1.68650793650794	FALSE	211.201446139263	1.09728020817314	0.841539266322697	1.30389662382359	0.192268831563875	0.644650778590052	protein_coding	endoplasmic reticulum tubular network organization; sensory perception of bitter taste; sensory perception of sweet taste	FALSE
Prkaa2	Prkaa2-201	ENSMUST00000030243	10.9126984126984	0.77211813329003	3.25808565131932	0.226850626845222	1.7670744578671	110	15.035799522673	1.00277512990975	7.97962648556876	0.608034463368701	2.41144899249453e-05	0.793650793650794	FALSE	197.63534763653	1.2720416323026	0.881569616560808	1.4429281685831	0.149040707123464	0.588677190810943	protein_coding	protein phosphorylation; regulation of gene expression; response to muscle activity	FALSE
Rora	Rora-201	ENSMUST00000034766	15.0793650793651	1.09418449633975	4.55655488712848	0.322082056853387	1.76435266272904	152	27.4463007159905	1.96743076017612	6.28183361629881	0.472978750079237	1.56660563759626e-05	1.78571428571429	FALSE	244.844691836064	1.24558561776052	1.05601763789421	1.17951213413853	0.238194307819323	0.692574898780897	protein_coding	regulation of DNA-templated transcription; positive regulation of transcription by RNA polymerase II; cellular response to tumor necrosis factor	FALSE
Slc35f1	Slc35f1-201	ENSMUST00000105473	13.3928571428571	0.944050794622812	3.96688307820597	0.280076159896878	1.75304167662794	135	25.7756563245823	1.77327025968533	4.58404074702886	0.354164621683604	7.07066041510287e-05	2.38095238095238	FALSE	193.113088463485	1.99931864864038	1.21187409364957	1.64977422911931	0.098989121553089	0.501804688237769	protein_coding	transmembrane transport; biological_process	FALSE
Zranb2	Zranb2-205	ENSMUST00000152882	18.2539682539683	1.29476844148651	5.41425933647031	0.38661426291524	1.74372472233977	184	28.8782816229117	1.98003351410921	10.6960950764007	0.80728785501977	1.02185219022649e-05	0.892857142857143	FALSE	346.444243853307	1.33588991063851	0.704050212565013	1.89743556183524	0.0577704758672579	0.40303574691567	retained_intron	RNA processing; mRNA processing; RNA splicing	FALSE
Zfp804a	Zfp804a-201	ENSMUST00000047527	10.1190476190476	0.706385455942559	3.03770325808565	0.211614870459063	1.7390098527658	102	17.6610978520286	1.18736615211157	4.75382003395586	0.364227711129631	7.42656176106885e-06	0.595238095238095	FALSE	183.57141453649	1.19960728359581	1.22168577165945	0.981927850372153	0.326135394089695	0.75636350122862	protein_coding	positive regulation of gene expression; regulation of neuron projection development; positive regulation of neuron projection development	FALSE
Pcsk2	Pcsk2-201	ENSMUST00000028905	20.4365079365079	1.46073042348718	6.14688188694979	0.438465011182053	1.73615402435133	206	44.1527446300716	3.13199746036497	3.56536502546689	0.271832480445083	7.79976969803673e-05	3.37301587301587	FALSE	428.606063420969	1.09395221890829	1.40245914776992	0.78002430277403	0.43537657044978	0.82097122060735	protein_coding	proteolysis; peptide hormone processing; insulin processing	FALSE
B3galnt1	B3galnt1-201	ENSMUST00000061826	10.1190476190476	0.686657707825142	2.9126213592233	0.206731969435938	1.73182472409691	102	22.673031026253	1.52967993262506	1.18845500848896	0.0869525937484637	4.49360851118969e-05	1.19047619047619	FALSE	186.490452563403	1.39966849616264	0.982480065802815	1.424627882927	0.154264795631619	0.595741292772526	protein_coding	protein glycosylation; lipid metabolic process; protein O-linked glycosylation	FALSE
Adgrb3	Adgrb3-204	ENSMUST00000134022	11.1111111111111	0.799141268002207	3.38912383107987	0.244046626082405	1.71128964475301	112	12.4105011933174	0.838763131435151	10.1867572156197	0.770955256493883	2.63816217791339e-06	0.0992063492063492	FALSE	224.80844957548	1.16060807635385	1.63125917374576	0.711479877038067	0.476786916274653	0.839738844325803	retained_intron	G protein-coupled receptor signaling pathway; cell surface receptor signaling pathway; negative regulation of angiogenesis	FALSE
C230004F18Rik	C230004F18Rik-206	ENSMUST00000231449	27.9761904761905	2.04117326307706	8.64256358329859	0.624031985397996	1.70970516138307	282	43.6754176610979	3.09531156591269	16.8081494057725	1.29128540418379	1.71200813343106e-05	3.86904761904762	FALSE	605.05782052406	1.15420933615202	0.960649050504001	1.20148907194201	0.229561543027924	0.685734286108246	lincRNA		FALSE
Atp11b	Atp11b-202	ENSMUST00000196409	22.3214285714286	1.59895333892404	7.00458633629162	0.490307597035452	1.70536677753316	225	33.6515513126492	2.31713902487191	14.2614601018676	1.08805384416656	8.68122396336963e-05	2.57936507936508	FALSE	420.66190998022	1.22353786791611	0.377474170948987	3.24138169464703	0.00118951796008651	0.0568929492147575	retained_intron	phospholipid transport; lipid transport; phospholipid translocation	FALSE
Arfgef3	Arfgef3-202	ENSMUST00000215836	22.5198412698413	1.60163925590833	6.80207278575258	0.495581083239674	1.69235420485888	227	34.6062052505967	2.33163465432141	13.9219015280136	1.08233862443961	3.3284872841289e-05	3.17460317460317	FALSE	523.771808491527	0.921225447374555	1.23436199863316	0.746317083962929	0.455475893749845	0.831262154960753	protein_coding		FALSE
Ube3a	Ube3a-203	ENSMUST00000200758	40.9722222222222	3.05658515712043	13.3897194591697	0.952592050412557	1.68198930469785	413	46.5393794749403	3.25687361702683	37.0118845500849	2.91410491144847	2.44910160605429e-05	4.56349206349206	FALSE	857.21038114932	1.06712186292576	0.498623475068086	2.1401356259451	0.0323438077094352	0.315974978408594	protein_coding	ubiquitin-dependent protein catabolic process; protein polyubiquitination; positive regulation of transcription by RNA polymerase II	FALSE
Igsf9b	Igsf9b-204	ENSMUST00000214357	25.6944444444444	1.88556246916637	8.34474953838823	0.589387016548816	1.6777060802908	259	33.890214797136	2.34931839206473	19.8641765704584	1.55565800109437	1.08694706867747e-05	2.67857142857143	FALSE	484.503403253628	1.25942338973699	1.04710865677324	1.20276284757116	0.229068105642998	0.684877650325055	protein_coding	nervous system development; cell adhesion; homophilic cell adhesion via plasma membrane adhesion molecules	FALSE
Ogfrl1	Ogfrl1-202	ENSMUST00000186064	10.0198412698413	0.690231920244258	3.09726606706772	0.216509302557816	1.67264760722421	101	19.0930787589499	1.27002833252464	3.56536502546689	0.277779124411528	3.42392817176118e-06	0.297619047619048	FALSE	212.357941694345	0.964416563851834	0.740090626860872	1.3031060370842	0.192538562838492	0.644751630277793	retained_intron	biological_process	FALSE
Slitrk1	Slitrk1-201	ENSMUST00000100322	15.9722222222222	1.13078712694188	5.00327595449401	0.354716586636959	1.67258587542286	161	28.1622911694511	1.93981150184468	7.30050933786078	0.55526724055093	1.56271090872686e-05	1.09126984126984	FALSE	328.806417920766	1.22730561737835	1.3898708272394	0.883035742117177	0.377216960449268	0.791333548280707	protein_coding	gene expression; multicellular organism growth; positive regulation of synapse assembly	FALSE
Lonrf2	Lonrf2-202	ENSMUST00000147695	12.202380952381	0.838614724625153	3.79415093215796	0.265794725502036	1.65769197843245	123	26.7303102625298	1.81336564500082	1.86757215619694	0.145201081777267	2.66869271503522e-05	2.38095238095238	FALSE	224.020066753111	1.32282650359161	1.12962517852425	1.17103135512592	0.241586173991982	0.694531003761964	protein_coding	spinal cord motor neuron differentiation; negative regulation of neuron apoptotic process; neuron apoptotic process	FALSE
Kif5a	Kif5a-201	ENSMUST00000099172	15.4761904761905	1.09404816401651	4.94966942641015	0.348036389722583	1.65236336242236	156	26.0143198090692	1.78263828003521	7.97962648556876	0.604202224098284	1.63893334078296e-05	1.58730158730159	FALSE	322.514228123101	1.0789286867607	0.716335383034327	1.50617812872857	0.132021452425968	0.562766175460784	protein_coding	microtubule-based movement; vesicle-mediated transport; axon guidance	FALSE
Ogfrl1	Ogfrl1-201	ENSMUST00000027343	12.0039682539683	0.837424477212538	3.75841324676872	0.266962149530275	1.64932019812763	121	22.4343675417661	1.51749344622334	4.58404074702886	0.353640270055446	5.91057979724096e-05	2.08333333333333	FALSE	275.361907934321	0.816732632268585	0.708277080908525	1.15312588008769	0.248858720495209	0.697923144807776	protein_coding	biological_process	FALSE
Bsn	Bsn-202	ENSMUST00000124763	11.6071428571429	0.81328744640245	3.59759366251712	0.259330261333458	1.64897099135825	117	20.2863961813843	1.36489177450997	5.43293718166384	0.420889800431225	1.29293477548751e-05	1.98412698412698	FALSE	283.120625196344	0.780909819912165	1.32745150458191	0.588277475460858	0.556346061876898	0.870973057371936	protein_coding	modulation of chemical synaptic transmission; maintenance of presynaptic active zone structure; synaptic vesicle clustering	TRUE
Gabrg2	Gabrg2-204	ENSMUST00000146198	11.4087301587302	0.783553415693009	3.56781225802609	0.250384450594894	1.64588273682808	115	24.3436754176611	1.65283942331403	2.20713073005093	0.165164897538157	6.11479384659478e-05	2.38095238095238	FALSE	214.724279375264	1.36968832037146	1.5312509674972	0.894489766501298	0.371059902702304	0.788293827045863	retained_intron	monoatomic ion transport; chloride transport; gamma-aminobutyric acid signaling pathway	FALSE
Map2	Map2-212	ENSMUST00000128673	11.8055555555556	0.859721844204207	3.78819465125975	0.275042814469328	1.64421018330566	119	12.6491646778043	0.852107775395374	11.2054329371817	0.86513830401898	1.07849175904375e-05	0.892857142857143	FALSE	266.324167663582	1.07399689487553	1.23032609526041	0.872936775878275	0.382697539733299	0.794659897094469	retained_intron	microtubule cytoskeleton organization; neuron projection development; establishment of cell polarity	FALSE
Diras2	Diras2-201	ENSMUST00000057442	14.3849206349206	1.00962508975158	4.59229257251772	0.326657905694422	1.62796421905236	145	31.5035799522673	2.18882709558598	2.20713073005093	0.170770012596048	7.6749958167752e-05	2.38095238095238	FALSE	321.552587396023	1.09581761589705	1.11187967440153	0.985554139648132	0.324351951840903	0.755469754496104	protein_coding	signal transduction; biological_process	FALSE
Kcnb1	Kcnb1-204	ENSMUST00000207917	20.0396825396825	1.41487914570486	6.36130799928525	0.459298683651515	1.62317215274482	202	37.4701670644391	2.57596919097291	7.64006791171477	0.588908468341004	3.94812502557157e-05	4.26587301587302	FALSE	422.393491765394	1.06886079552638	1.16957893981775	0.913885124926182	0.360777210634061	0.782939673572792	protein_coding	monoatomic ion transport; transmembrane transport; potassium ion transport	FALSE
Sorbs2	Sorbs2-216	ENSMUST00000136119	12.5	0.900490985201725	4.03835844898445	0.295589810701969	1.60711201571081	126	14.5584725536993	0.978930322861228	11.0356536502547	0.844691184727478	1.74807292089543e-05	1.28968253968254	FALSE	331.661444988927	0.695227485405705	0.963179152013192	0.721804955965433	0.470414402026	0.83737546065861	retained_intron	regulation of skeletal muscle acetylcholine-gated channel clustering; Notch signaling pathway; acetylcholine receptor signaling pathway	FALSE
Snap25	Snap25-201	ENSMUST00000028727	40.6746031746032	3.1159982101633	13.6220144141998	1.03414794787893	1.59125087655214	410	70.4057279236277	5.34794642007619	19.5246179966044	1.52824557866331	0.000651889347073535	18.2539682539683	TRUE	1039.79915595555	0.91949037935178	0.977113249461597	0.941027439611971	0.346690797648527	0.77244817568909	protein_coding	long-term synaptic potentiation; insulin secretion; locomotory behavior	TRUE
Gls	Gls-204	ENSMUST00000114513	15.7738095238095	1.12651954643155	5.30108999940437	0.374490465931863	1.58886887946853	159	24.1050119331742	1.63311764021184	9.8471986417657	0.766138219956269	2.09626109441903e-05	1.78571428571429	FALSE	379.374836790016	0.824655030154231	0.737441000885271	1.11826577199296	0.263453500856213	0.710527147112957	protein_coding	glutamine metabolic process; protein homotetramerization; chemical synaptic transmission	FALSE
Aak1	Aak1-201	ENSMUST00000003710	22.1230158730159	1.60228113911153	7.33218178569301	0.541690126618549	1.56458584471736	223	28.1622911694511	1.89925832856499	17.8268251273345	1.39101892793836	2.06123091244193e-05	3.76984126984127	FALSE	637.669769908557	0.612582123115626	1.1596042225617	0.528268275672849	0.597313147204693	0.885400299421827	protein_coding	protein phosphorylation; endocytosis; regulation of protein localization	FALSE
Faim2	Faim2-206	ENSMUST00000231211	13.2936507936508	0.926033180344602	4.53868604443386	0.313615016082413	1.56206620655371	134	29.8329355608592	2.06112761824706	1.52801358234295	0.118555133687335	3.01654329401317e-05	1.78571428571429	FALSE	239.413176433966	1.51871944892977	1.22129379473734	1.24353325585871	0.21367139405518	0.669209228946777	retained_intron	response to ischemia; negative regulation of neuron apoptotic process; neuron apoptotic process	FALSE
Kcnb1	Kcnb1-201	ENSMUST00000059826	10.1190476190476	0.695544286156347	3.3236047411996	0.235591693265089	1.56184965431437	102	18.854415274463	1.25870769030808	3.90492359932088	0.294923800011052	7.86858786898239e-06	1.09126984126984	FALSE	196.89413079415	1.1356383999125	1.1627049019749	0.976721090608266	0.328707250888511	0.758854064960646	protein_coding	monoatomic ion transport; transmembrane transport; potassium ion transport	FALSE
Opcml	Opcml-203	ENSMUST00000123779	18.9484126984127	1.35826942047968	6.46256477455477	0.461870417777124	1.55620756187275	191	33.1742243436754	2.31912319876897	8.82852292020374	0.674741860032796	1.47601737533602e-05	0.595238095238095	FALSE	419.930371941609	1.00850345280864	1.52418607418078	0.661666885620046	0.508184731505779	0.852185999660776	processed_transcript	cell adhesion	FALSE
Bsn	Bsn-201	ENSMUST00000035208	10.8134920634921	0.763700269626657	3.60950622431354	0.26032970157471	1.55266295905427	109	18.1384248210024	1.21952542384355	5.60271646859083	0.439437553808531	4.85017936057934e-06	1.09126984126984	FALSE	279.92349639643	0.782865156483481	1.22903628641547	0.636974811188637	0.524141250991742	0.857748215205646	protein_coding	modulation of chemical synaptic transmission; maintenance of presynaptic active zone structure; synaptic vesicle clustering	TRUE
Gpi1	Gpi1-211	ENSMUST00000206603	16.0714285714286	1.16088631122099	5.55721007802728	0.397624982102022	1.54574399957875	162	18.3770883054893	1.23022590530602	14.4312393887946	1.11155984276322	4.22732390250893e-05	1.38888888888889	FALSE	421.283221068766	0.645991131866126	0.793355722111174	0.814251556851571	0.41550085532148	0.812224121083	retained_intron	glycolytic process; carbohydrate derivative metabolic process; gluconeogenesis	FALSE
Fut9	Fut9-202	ENSMUST00000108199	13.3928571428571	0.963726813885807	4.62207397700876	0.330212313796266	1.54522745380313	135	28.8782816229117	2.05809834030041	2.37691001697793	0.185218037030596	1.00531715110542e-05	1.19047619047619	FALSE	231.82413676253	1.7604586918219	1.21729101806563	1.44621020421182	0.148118252491404	0.58730411051017	protein_coding	protein glycosylation; lipid metabolic process; positive regulation of neuron projection development	FALSE
2900055J20Rik	2900055J20Rik-201	ENSMUST00000096572	20.5357142857143	1.48019183014681	7.07606170707011	0.508524827401197	1.54139217950722	207	38.6634844868735	2.72860068137301	7.64006791171477	0.59210471866332	0.000158425507033814	2.28174603174603	FALSE	455.282154892908	1.20402511182315	1.61320924878317	0.746353960424747	0.455453623008984	0.831262154960753	protein_coding		FALSE
Raph1	Raph1-204	ENSMUST00000140485	11.8055555555556	0.822430581271178	4.00857704449342	0.282821558056229	1.53999847015586	119	19.0930787589499	1.26476920167757	6.6213921901528	0.507761851304665	1.53146180697557e-05	1.38888888888889	FALSE	282.148270610562	0.852843854766859	0.587592686824903	1.45142013147791	0.14666290733949	0.585748310145473	protein_coding	signal transduction; axon extension	FALSE
Nap1l2	Nap1l2-201	ENSMUST00000121720	17.5595238095238	1.22547376367139	6.01584370718923	0.424197281914087	1.53053009214622	177	37.2315035799523	2.56570372245358	3.56536502546689	0.272067392313599	6.50156515640033e-05	1.68650793650794	FALSE	339.526004762697	1.28740758943788	0.988214924870753	1.30276072242711	0.192656464040859	0.644962742355115	protein_coding	nucleosome assembly; positive regulation of neuron differentiation; neuron differentiation	FALSE
Slc4a8	Slc4a8-201	ENSMUST00000023776	11.5079365079365	0.813885422672426	3.9907082017988	0.284133461919024	1.51825365855749	116	16.2291169451074	1.07689008185519	8.14940577249576	0.626790427430362	3.00358704484078e-05	1.88492063492064	FALSE	260.111217655127	0.919659640426789	1.06986369681691	0.859604492762007	0.390007097603394	0.799292674999825	protein_coding	monoatomic anion transport; monoatomic ion transport; sodium ion transport	FALSE
Scai	Scai-201	ENSMUST00000038874	18.452380952381	1.31035783441855	6.42087080826732	0.458549663877774	1.51480889305687	186	27.6849642004773	1.86776415475571	11.8845500848896	0.913832794993651	2.35915554464106e-05	2.28174603174603	FALSE	425.144238741062	0.845515345443963	0.566489208005913	1.49255331521715	0.13555415143335	0.569735117678515	protein_coding	DNA-templated transcription; negative regulation of signal transduction; negative regulation of DNA-templated transcription	FALSE
Gng2	Gng2-204	ENSMUST00000160013	13.7896825396825	0.958169289586222	4.72333075227828	0.336789844774807	1.50842915874343	139	27.9236276849642	1.90034263396439	3.73514431239389	0.287930526777302	0.000118710966178506	3.86904761904762	FALSE	304.31685048457	0.994722578428913	1.02317935590808	0.972187889332551	0.33095708436032	0.760258650214702	protein_coding	G protein-coupled receptor signaling pathway; signal transduction; fibroblast proliferation	FALSE
Scg2	Scg2-201	ENSMUST00000049972	12.9960317460317	0.914247819798846	4.4910357972482	0.321367819642478	1.50835689885027	131	29.8329355608592	2.08742386035586	1.01867572156197	0.0796794649713632	4.81073204936017e-05	2.08333333333333	FALSE	266.005869421208	1.1562649435445	1.79173356125901	0.645333083302866	0.518711357809984	0.855300124753664	protein_coding	angiogenesis; eosinophil chemotaxis; intracellular signal transduction	FALSE
Cers6	Cers6-201	ENSMUST00000028426	10.6150793650794	0.755748709300852	3.68693787599023	0.26689028293892	1.50165633320885	107	15.9904534606205	1.06148395499975	6.7911714770798	0.538256234007409	8.1028735834004e-06	0.793650793650794	FALSE	274.568161556824	0.814622694167687	1.32399775695472	0.615274980556893	0.538373137584968	0.863732369904939	protein_coding	ceramide biosynthetic process; lipid metabolic process; inflammatory response	FALSE
Kcna2	Kcna2-201	ENSMUST00000038695	21.5277777777778	1.52786373110058	7.79677169575317	0.547118213644079	1.48158969453899	217	39.618138424821	2.74895657433418	8.65874363327674	0.659208550599942	1.74743046195589e-05	2.77777777777778	FALSE	422.03184069816	1.19238780219159	1.04150676044684	1.14486803876339	0.252263825451293	0.701945334710566	protein_coding	monoatomic ion transport; transmembrane transport; potassium ion transport	FALSE
Nktr	Nktr-213	ENSMUST00000182904	35.218253968254	2.63243914695589	13.2050747513253	0.946069396791456	1.47638128633476	355	32.4582338902148	2.19663520412581	37.1816638370119	2.94245926927474	3.82939400207141e-05	5.35714285714286	TRUE	830.808070199687	0.906425718870085	0.477605002533977	1.8978564170412	0.0577149989315455	0.40303574691567	retained_intron	protein folding	FALSE
Thsd7a	Thsd7a-202	ENSMUST00000119581	11.4087301587302	0.820555150166427	4.2468282804217	0.295294394051614	1.47444320604736	115	20.2863961813843	1.41766088086925	5.09337860780985	0.395788934267472	4.13046852017309e-06	0.892857142857143	FALSE	210.05343965523	1.23654905229885	0.930055617681796	1.32954312493806	0.183668847974515	0.634716626415448	protein_coding	cell differentiation; angiogenesis	FALSE
Shank1	Shank1-203	ENSMUST00000107938	23.5119047619048	1.70445351813331	8.38048722377747	0.614673060254862	1.47141659438197	237	31.0262529832936	2.12218961527971	18.1663837011885	1.40728641337212	2.98100461699326e-05	4.96031746031746	FALSE	567.543444808329	0.809828693821998	1.21028620819918	0.669121641092617	0.503417886120191	0.850248048783554	protein_coding	nervous system development; cell differentiation; memory	TRUE
Chgb	Chgb-201	ENSMUST00000028826	34.6230158730159	2.68291641620617	12.7583536839597	0.96985981513853	1.46795302129518	349	75.1789976133652	5.82115457250584	5.77249575551783	0.450451581758692	7.34032730187267e-05	5.65476190476191	TRUE	902.046885974623	1.02223744012958	1.18052020520003	0.865921172400743	0.386533391497021	0.796604730429469	protein_coding		FALSE
Zcchc18	Zcchc18-203	ENSMUST00000113067	10.1190476190476	0.704627407361267	3.70480671868485	0.256974614756354	1.45523117486683	102	17.4224343675418	1.17102963301025	4.92359932088285	0.372840425108425	3.12211595460354e-05	1.58730158730159	FALSE	201.831081802826	1.08210664106184	0.982845195648136	1.10099397733561	0.270899278384361	0.716870421464068	protein_coding		FALSE
Sept3	Sept3-201	ENSMUST00000023095	16.9642857142857	1.20017721910835	6.11710048245875	0.439102538401415	1.45061558790524	171	24.8210023866348	1.66982766893385	11.3752122241087	0.866079530692593	9.14308580663942e-05	3.86904761904762	FALSE	398.464685690904	0.818680151935469	1.0102698701894	0.810357881683621	0.417734517428225	0.81358595520076	protein_coding		FALSE
Adcy1	Adcy1-201	ENSMUST00000020706	23.015873015873	1.67132650298676	8.14819226874739	0.612307898330832	1.44866290847757	232	35.5608591885442	2.46212095878505	14.0916808149406	1.10877492916761	4.18477618265278e-05	4.16666666666667	FALSE	533.471286793717	1.04286571957278	1.23474790402622	0.844598088542801	0.398335276648653	0.803749655792892	protein_coding	intracellular signal transduction; cyclic nucleotide biosynthetic process; cAMP biosynthetic process	FALSE
Myt1l	Myt1l-202	ENSMUST00000049784	10.3174603174603	0.715191282673763	3.71671928048127	0.26375443033584	1.43913037202418	104	18.1384248210024	1.21089636926774	4.75382003395586	0.362558971497406	1.196055384439e-05	1.28968253968254	FALSE	257.303279938358	0.817406421209244	1.23276835754619	0.663065705901378	0.507288473297006	0.851617292435554	protein_coding	regulation of DNA-templated transcription; nervous system development; regulation of transcription by RNA polymerase II	FALSE
Klhl29	Klhl29-201	ENSMUST00000020958	10.3174603174603	0.728969064029192	3.70480671868485	0.269508292799339	1.43552455128659	104	16.7064439140811	1.12714523725431	5.77249575551783	0.445716404298589	6.02936566729802e-06	0.793650793650794	FALSE	269.901958059786	0.692673121669734	1.29265364641649	0.535853609039026	0.592059728387157	0.883810710764895	protein_coding	biological_process; proteasome-mediated ubiquitin-dependent protein catabolic process	FALSE
Unc13a	Unc13a-201	ENSMUST00000030170	15.3769841269841	1.1122032948311	5.67037941509322	0.411872858708007	1.43314734573565	155	16.7064439140811	1.1152195017084	14.4312393887946	1.11005764002364	9.61742780939771e-06	1.28968253968254	FALSE	407.290607755999	0.560964445131982	1.0981605199647	0.510821901656067	0.609475771574041	0.890349800215083	protein_coding	chemical synaptic transmission; cell differentiation; exocytosis	FALSE
Dmxl2	Dmxl2-208	ENSMUST00000154092	10.8134920634921	0.758782855991903	3.9073202692239	0.280996872572552	1.43312977618117	109	15.9904534606205	1.05904601852165	7.13073005093379	0.545183085024222	4.96539899491642e-05	1.48809523809524	FALSE	288.155569610672	0.512438350832409	0.836224740664232	0.612799796410433	0.540008725510127	0.864959654933339	retained_intron	spermatogenesis; sensory perception of smell; glucose homeostasis	FALSE
Pgm2l1	Pgm2l1-202	ENSMUST00000084935	20.4365079365079	1.45696244164938	7.49895765084281	0.540008305115394	1.43190850527515	206	37.708830548926	2.62099204124142	8.14940577249576	0.628900638204456	2.28454287848507e-05	1.98412698412698	FALSE	535.362864117079	0.748772498642104	0.962354718431097	0.778062895418447	0.436531935521955	0.821670636906666	protein_coding	carbohydrate metabolic process; glucose metabolic process	FALSE
CT025619.1	CT025619.1-201	ENSMUST00000098868	15.5753968253968	1.15446373699743	6.05753767347668	0.428268575214391	1.43063301162705	157	13.6038186157518	0.92162403100302	16.9779286926995	1.3201001322634	3.88371160093532e-05	1.68650793650794	FALSE	269.737347970846	1.61284736716351	1.1589351816555	1.39166313413629	0.164024430917054	0.60818848343924	protein_coding		FALSE
Lynx1	Lynx1-201	ENSMUST00000023259	10.6150793650794	0.735742378112188	3.81797605575079	0.273279303380359	1.42882117091116	107	20.0477326968974	1.3387863569419	3.90492359932088	0.306751839691729	3.23090739422043e-05	1.78571428571429	FALSE	277.177102939801	0.368335828785061	0.833967400609491	0.44166693867874	0.658730237240733	0.906201279354168	protein_coding	acetylcholine receptor signaling pathway; synaptic transmission, cholinergic; regulation of neurotransmitter receptor activity	FALSE
Tmx4	Tmx4-201	ENSMUST00000038228	26.8849206349206	1.93419840687223	10.1078086842575	0.71867339522273	1.42832634550546	271	50.5966587112172	3.57279758359367	10.0169779286927	0.768539569781755	7.61364983944496e-05	6.54761904761905	TRUE	594.693371546236	1.1076275664518	0.510221925598775	2.17087410571769	0.0299406902119102	0.305286035959906	protein_coding		FALSE
Unc5c	Unc5c-208	ENSMUST00000200114	11.1111111111111	0.82640449381036	4.49699207814641	0.309397434467429	1.41738394816054	112	7.15990453460621	0.462549956855501	13.9219015280136	1.08524159225533	1.78086935747486e-05	1.09126984126984	FALSE	269.926260817142	0.759433309664583	1.43399310448262	0.529593418051048	0.59639385883257	0.885036694025521	retained_intron	signal transduction; apoptotic process; axon guidance	FALSE
Kcnh7	Kcnh7-201	ENSMUST00000075052	14.2857142857143	1.00953041040432	5.40234677467389	0.380067370924142	1.40935492411949	144	22.9116945107399	1.55044028427688	8.14940577249576	0.624740534084106	1.72498886872895e-05	2.28174603174603	FALSE	262.130242626379	1.34655702543532	1.11753972942239	1.20492989196124			protein_coding	monoatomic ion transport; transmembrane transport; potassium ion transport	FALSE
Ggt7	Ggt7-201	ENSMUST00000029131	10.6150793650794	0.75512747190159	4.01453332539163	0.284318155313811	1.40921081427599	107	13.3651551312649	0.887645827423861	8.65874363327674	0.660857198618344	2.71863177120786e-05	1.28968253968254	FALSE	252.135629148065	0.732599361381644	0.988416204372923	0.741185098079633	0.458581217602551	0.83229722299575	protein_coding	glutathione catabolic process; glutathione metabolic process; glutathione biosynthetic process	FALSE
Tanc2	Tanc2-202	ENSMUST00000100330	10.8134920634921	0.750254288549952	3.93114539281673	0.28306875058292	1.40622399530317	109	19.0930787589499	1.28516271669335	4.92359932088285	0.369733691958977	7.23317869713811e-06	1.09126984126984	FALSE	264.088734932851	0.818132745309728	0.752405255772868	1.08735649974872	0.276879287886484	0.721981562709216	protein_coding	in utero embryonic development; regulation of dendritic spine development; regulation of dendritic spine morphogenesis	FALSE
Ogt	Ogt-201	ENSMUST00000044475	17.3611111111111	1.25946659562388	6.68890344868664	0.475603031595068	1.4049811543127	175	18.6157517899761	1.23900557422056	16.4685908319185	1.27402205906698	1.29039204124325e-05	1.09126984126984	FALSE	393.874410719052	0.800640950767403	0.415646558310825	1.92625425318372	0.0540726345230981	0.397325841835673	protein_coding	protein O-linked glycosylation; apoptotic process; rhythmic process	FALSE
Ntrk3	Ntrk3-201	ENSMUST00000039431	24.3055555555556	1.80261280696318	9.26201679671213	0.685973231534196	1.393864058027	245	33.1742243436754	2.34206639918428	17.9966044142615	1.41885889331183	1.78281288771829e-05	4.16666666666667	FALSE	691.826979790491	0.659388698789032	1.35297390364908	0.487362466497402	0.626001487199422	0.895447816905482	protein_coding	protein phosphorylation; cell surface receptor protein tyrosine kinase signaling pathway; nervous system development	FALSE
Shc3	Shc3-202	ENSMUST00000221850	12.8968253968254	0.900544414432888	4.80076240395497	0.343579485106964	1.39015093722672	130	19.8090692124105	1.31790087876759	7.97962648556876	0.603647371043689	1.76616391883955e-05	0.892857142857143	FALSE	228.730498199728	1.26250446078767	0.935386256327114	1.34971457218649	0.177107556240191	0.624829291449345	retained_intron	intracellular signal transduction; learning or memory; synaptic transmission, glutamatergic	FALSE
Megf8	Megf8-202	ENSMUST00000153077	10.0198412698413	0.726148648175501	3.88945142652928	0.278554726926544	1.3823009187431	101	12.1718377088305	0.815630951958672	8.48896434634975	0.662493155331445	1.42601780422157e-05	1.09126984126984	FALSE	258.449849490415	0.809948462932952	0.681977201939006	1.1876474178757	0.234972347953721	0.690186035998872	retained_intron	embryonic brain development; limb development; heart development	FALSE
Fut9	Fut9-201	ENSMUST00000084770	24.3055555555556	1.75937027479369	9.34540472928703	0.67586504932367	1.3802507119575	245	46.7780429594272	3.32485705940732	8.31918505942275	0.645721781155137	5.39808755618281e-05	5.25793650793651	TRUE	483.7646834883	1.42890151862861	0.969585297795257	1.47372440761818	0.140555808419763	0.576264595420533	protein_coding	protein glycosylation; lipid metabolic process; positive regulation of neuron projection development	FALSE
Tmem108	Tmem108-202	ENSMUST00000186455	12.1031746031746	0.850527976498558	4.43147298826613	0.32744976889234	1.37708236894067	122	21.2410501193317	1.43666700080628	5.60271646859083	0.433563203688817	2.21655951053067e-05	0.496031746031746	FALSE	321.7145428176	0.656103114452558	1.43547793439514	0.457062486807933	0.647626132590871	0.902490091586917	retained_intron	dendrite extension; dentate gyrus development; receptor-mediated endocytosis	FALSE
Camk4	Camk4-201	ENSMUST00000042868	14.3849206349206	1.02153937706919	5.50360354994342	0.394719318113417	1.37184354012603	145	26.2529832935561	1.81656823754054	5.94227504244482	0.455975552727088	1.39072715813787e-05	1.78571428571429	FALSE	403.421364042273	0.561253360561171	1.13123000315547	0.496144337575563	0.61979257942572	0.893260868698344	protein_coding	immune system process; adaptive immune response; inflammatory response	FALSE
Fam126b	Fam126b-207	ENSMUST00000161600	15.8730158730159	1.11023189781821	6.13496932515337	0.429726249055653	1.36936918141327	160	26.491646778043	1.77919075710004	8.31918505942275	0.634351147327404	3.46031001309824e-05	2.18253968253968	FALSE	363.216086872864	0.819767591394199	0.520350411393164	1.57541451576715	0.115160795984918	0.528851625408666	protein_coding		FALSE
Fndc5	Fndc5-201	ENSMUST00000102600	16.468253968254	1.16244395033659	6.35535171838704	0.450065439084883	1.36895250262346	166	32.4582338902148	2.23786315037667	5.09337860780985	0.397417388678207	4.57529382162676e-05	2.08333333333333	FALSE	351.3919612156	1.1343674445728	1.17996300508522	0.96135848300674	0.33637195165524	0.765108139228721	protein_coding	signal transduction; positive regulation of brown fat cell differentiation; response to muscle activity	FALSE
Opcml	Opcml-202	ENSMUST00000115243	22.3214285714286	1.6161713249138	8.7319077967717	0.626246414364796	1.3677763872634	225	37.2315035799523	2.61832560060092	11.7147707979626	0.903263614365584	5.37578141119387e-05	4.56349206349206	FALSE	542.168668006336	0.899392651993108	1.02130410868512	0.880631581078263	0.378517259520456	0.792373875785912	protein_coding	cell adhesion	FALSE
Bicd1	Bicd1-209	ENSMUST00000203502	15.5753968253968	1.10642705793032	6.17666329144082	0.430121025357752	1.36309173269167	157	19.5704057279236	1.3162764447267	12.7334465195246	0.957145405862948	1.28468745910317e-05	1.28968253968254	FALSE	312.10762700172	1.17173301198762	0.999244147258221	1.17261933953047	0.240948490424109	0.694531003761964	retained_intron	regulation of microtubule cytoskeleton organization; stress granule assembly; positive regulation of receptor-mediated endocytosis	FALSE
Atrnl1	Atrnl1-201	ENSMUST00000077282	12.797619047619	0.903992407194588	4.84245637024242	0.352953676886534	1.35682931304512	129	24.582338902148	1.70977795115638	4.41426146010187	0.330776544851648	3.37729805437555e-05	2.28174603174603	FALSE	327.003199624199	0.82907442938237	0.783026445367604	1.05880769964691	0.289687366358109	0.733461680456611	protein_coding	G protein-coupled receptor signaling pathway	FALSE
Lsamp	Lsamp-202	ENSMUST00000099761	22.0238095238095	1.59735237150534	8.8212520102448	0.625215787924863	1.35325508325989	222	36.9928400954654	2.57532081248665	11.3752122241087	0.901649864253771	7.70696214499177e-05	6.15079365079365	TRUE	461.83388615474	1.2038145907914	1.01169379539134	1.18990014199479	0.234085642668201	0.689570670946893	protein_coding	cell adhesion; locomotory exploration behavior; heart morphogenesis	FALSE
Sult4a1	Sult4a1-201	ENSMUST00000082365	12.6984126984127	0.865462304162478	4.76502471856573	0.33899955091535	1.35218503238566	128	25.2983293556086	1.66704418893003	3.73514431239389	0.295236820770957	9.93783055987349e-05	3.17460317460317	FALSE	308.842563189604	0.618270219379826	1.18890088313695	0.520035125004282	0.603039093715508	0.887988622783369	protein_coding	lipid metabolic process; steroid metabolic process; sulfation	FALSE
Hivep1	Hivep1-201	ENSMUST00000060148	10.9126984126984	0.754828813256351	4.18130919054143	0.296157817429059	1.34978036609038	110	19.0930787589499	1.27358371528385	5.09337860780985	0.385799434734241	9.49955923867805e-06	0.793650793650794	FALSE	248.249358549502	0.878240907840918	1.02269634140085	0.858750415238544	0.390478229296071	0.799855725739821	protein_coding	negative regulation of DNA-templated transcription; negative regulation of transcription by RNA polymerase II; BMP signaling pathway	FALSE
Atxn1	Atxn1-201	ENSMUST00000091628	15.9722222222222	1.11868456579444	6.14688188694979	0.440547785034359	1.34443089545039	161	26.0143198090692	1.75477872705595	8.82852292020374	0.666182946832521	1.47210352006027e-05	2.38095238095238	FALSE	391.847937257649	0.67177200841223	0.665556520196328	1.00933878345008	0.312812186124534	0.749435818894325	protein_coding	regulation of DNA-templated transcription; positive regulation of transcription by RNA polymerase II; negative regulation of transcription by RNA polymerase II	FALSE
Sv2a	Sv2a-201	ENSMUST00000035371	43.452380952381	3.30573261696197	18.4704270653404	1.30602486662131	1.33978700327944	438	71.3603818615752	5.33203176632053	23.5993208828523	1.86427362955749	0.000158326701205303	11.8055555555556	TRUE	957.893474555672	1.15408451136029	0.910743232248405	1.26718977478552	0.205087441074235	0.6604434857478	protein_coding	transmembrane transport; chemical synaptic transmission; neurotransmitter transport	FALSE
Scrn1	Scrn1-201	ENSMUST00000019268	10.0198412698413	0.706462279585572	4.05622729167908	0.279345300040257	1.33855986254894	101	15.035799522673	0.992415030725845	6.45161290322581	0.503042580557092	3.4108310856645e-05	1.88492063492064	FALSE	201.57399945754	1.16568463300449	0.79032767758769	1.47493839082354	0.140229107766089	0.575646766761423	protein_coding	proteolysis; exocytosis	FALSE
Fam69b	Fam69b-201	ENSMUST00000074240	15.8730158730159	1.0994804017268	6.22431353862648	0.438150050937024	1.32732297608359	160	34.1288782816229	2.33783599111606	2.88624787775891	0.218544931516103	4.08351706239024e-05	1.98412698412698	FALSE	316.499439725978	1.25415683885596	1.04086019041438	1.20492343775455	0.228232859657332	0.684403049926934	protein_coding		FALSE
Syp	Syp-201	ENSMUST00000069520	32.6388888888889	2.4481761995213	13.0680802906665	0.976677378460195	1.32575252030451	329	66.109785202864	4.92081456964185	8.82852292020374	0.689202554223319	0.000125193307446773	10.1190476190476	TRUE	879.63519271062	0.738747674531419	1.08939510480155	0.678126486226495	0.497691498535421	0.847576098619363	protein_coding	endocytosis; regulation of short-term neuronal synaptic plasticity; chemical synaptic transmission	TRUE
Sacs	Sacs-203	ENSMUST00000119943	23.4126984126984	1.70270760739024	9.36327357198165	0.679421442498179	1.32545078205801	236	29.3556085918854	1.99962954224101	19.1850594227504	1.49148470297177	5.77703716378543e-06	1.58730158730159	FALSE	634.842491011179	0.598773920344252	0.643447392226191	0.930571679329714	0.352075169861993	0.776375841103121	protein_coding	negative regulation of inclusion body assembly	FALSE
Trank1	Trank1-202	ENSMUST00000196945	22.9166666666667	1.68711826874952	8.85698969563405	0.67758931982971	1.31607679737666	231	29.3556085918854	2.02540135904429	18.3361629881155	1.44647206359925	2.27442453729034e-05	1.98412698412698	FALSE	690.314905152424	0.458640388727667	1.81314984576076	0.252952280695384	0.800305088654213	0.95269098194841	processed_transcript	biological_process	FALSE
Smg1	Smg1-201	ENSMUST00000032891	12.3015873015873	0.87440614214729	4.9079754601227	0.351276324099055	1.31569473527329	124	14.0811455847255	0.925940629938422	11.0356536502547	0.837745784958013	4.78519763392925e-06	1.19047619047619	FALSE	339.662605439401	0.454918266772022	0.593139033403646	0.766967340121821	0.443100933983982	0.824891939687666	protein_coding	phosphorylation; DNA repair; DNA damage response	FALSE
Rnf150	Rnf150-201	ENSMUST00000078525	11.5079365079365	0.800156894633313	4.51486092084103	0.321510350293553	1.31541504434158	116	20.0477326968974	1.33091096836502	5.43293718166384	0.422591602793607	9.42978703704881e-06	1.38888888888889	FALSE	310.934796394106	0.528837987539145	1.31922916247727	0.400868933602168	0.688516623472115	0.918102961250498	protein_coding	ubiquitin-dependent protein catabolic process	FALSE
Mapk8ip2	Mapk8ip2-201	ENSMUST00000023291	10.6150793650794	0.763934742648883	4.28256596581095	0.308162666721224	1.3097545186848	107	13.126491646778	0.873096756902037	8.82852292020374	0.686279591592735	2.36257422832648e-05	1.88492063492064	FALSE	297.142579770888	0.515444992543793	1.02483531405631	0.502953972676501	0.614996633059443	0.892187648641897	protein_coding	regulation of JNK cascade; regulation of signal transduction; MAPK cascade	FALSE
Ttc14	Ttc14-211	ENSMUST00000200271	14.6825396825397	1.06536236020762	6.11114420156055	0.43117357354818	1.30500156025357	148	14.7971360381862	0.999459567036493	14.6010186757216	1.11224397368588	7.21399831213692e-06	0.892857142857143	FALSE	337.734709913547	0.768825158699382	0.38325961805135	2.00601660725021	0.0448544761666588	0.367374641950543	protein_coding		FALSE
Tspyl4	Tspyl4-201	ENSMUST00000047935	19.7420634920635	1.38685337216638	8.07671689796891	0.564786492954764	1.29603625814601	199	39.1408114558473	2.67704034421845	5.94227504244482	0.469046341114057	0.000175343746222484	5.35714285714286	TRUE	435.401661019337	0.964969549829645	0.631043490476759	1.52916489020527	0.126223572054878	0.54905632438583	protein_coding	nucleosome assembly; biological_process	FALSE
Nktr	Nktr-205	ENSMUST00000182225	14.9801587301587	1.10759683334536	6.38513312287808	0.452155488799508	1.29254006389858	151	12.4105011933174	0.826742550967961	16.8081494057725	1.30738960807562	2.62131701089984e-06	0.496031746031746	FALSE	402.456744009783	0.698278855431218	0.469417491058075	1.48754332493509	0.136871369385999	0.572229439536647	protein_coding	protein folding	FALSE
Paqr9	Paqr9-201	ENSMUST00000079597	12.4007936507937	0.86951627416107	4.89606289832629	0.355374755308155	1.29086942876552	125	21.2410501193317	1.43665816605296	6.11205432937182	0.466065590455292	1.61970728409964e-05	1.48809523809524	FALSE	350.446071904609	0.601574041312486	1.42327839107749	0.422667866724982	0.672537603238392	0.912191079352481	protein_coding		FALSE
Cdkl5	Cdkl5-205	ENSMUST00000198931	13.6904761904762	0.953729884395482	5.67633569599142	0.390127008459162	1.28963465885373	138	24.8210023866348	1.67678992166346	5.77249575551783	0.439362896933205	1.69353515554309e-05	1.98412698412698	FALSE	307.817927655795	0.793928438469028	0.741555099629843	1.07062636190531	0.284337465247878	0.72913047684522	protein_coding	protein phosphorylation; regulation of cilium assembly; regulation of cell cycle	FALSE
Spock2	Spock2-201	ENSMUST00000121820	29.7619047619048	2.18052504103541	11.7755673357556	0.893775853451241	1.28668963178145	300	55.8472553699284	4.01690832571797	11.2054329371817	0.874167492169546	9.34723874957853e-05	7.34126984126984	TRUE	1020.51547654111	0.196501769446799	0.99478652817322	0.197531594851456	0.843411559363784	0.964302600347528	protein_coding	cellular response to leukemia inhibitory factor; positive regulation of cell-substrate adhesion; extracellular matrix organization	FALSE
B4galt6	B4galt6-201	ENSMUST00000070080	19.4444444444444	1.35952143916165	7.79677169575317	0.557536282540976	1.28595977705162	196	37.708830548926	2.57624910378635	6.45161290322581	0.493971538520309	6.69539339450116e-05	2.87698412698413	FALSE	459.53648895668	0.888510556101745	0.879957131935574	1.00972027369942	0.312629326458827	0.749265820701367	protein_coding	carbohydrate metabolic process; lipid metabolic process; protein glycosylation	FALSE
Kcna4	Kcna4-201	ENSMUST00000037012	11.6071428571429	0.819084123533728	4.65185538149979	0.336445058478943	1.28363817210352	117	22.673031026253	1.57224423126055	3.73514431239389	0.283304692060826	1.21268649155216e-05	0.892857142857143	FALSE	285.975882733299	0.788238564742473	1.41659801937951	0.556430655668806	0.577916487046249	0.878258565564817	protein_coding	monoatomic ion transport; transmembrane transport; potassium ion transport	FALSE
Timm9	Timm9-211	ENSMUST00000223544	11.9047619047619	0.837530624222517	4.91393174102091	0.34499606761116	1.27955956658164	120	18.1384248210024	1.22471478387803	7.47028862478778	0.562097410477761	2.53144589375792e-05	0.496031746031746	FALSE	278.778576574603	0.836801893901876	0.529227730688714	1.5811754475014	0.113837927589643	0.527566221885564	retained_intron	protein transport; protein insertion into mitochondrial inner membrane	FALSE
Sncb	Sncb-201	ENSMUST00000036825	26.0912698412698	1.90748919517715	10.3817976055751	0.787717386794799	1.27592378500109	263	51.3126491646778	3.72145269563401	8.14940577249576	0.617080525072872	0.000188072097084304	7.24206349206349	TRUE	672.139822114931	0.849543879501862	1.25977299389061	0.674362669799883	0.500080769806821	0.848502788438035	protein_coding	negative regulation of neuron apoptotic process; neuron apoptotic process; synapse organization	FALSE
Hlf	Hlf-201	ENSMUST00000004051	13.8888888888889	0.986017050929908	5.71802966227887	0.40747834026572	1.27488714343622	140	28.400954653938	1.99132820211897	3.56536502546689	0.27086361740153	3.43609365197477e-05	1.78571428571429	FALSE	268.238956095073	1.31971294002282	0.883248156962077	1.49415872495218	0.135134137885434	0.569002469937861	protein_coding	regulation of DNA-templated transcription; regulation of transcription by RNA polymerase II; rhythmic process	FALSE
Timp2	Timp2-201	ENSMUST00000017610	20.1388888888889	1.45066885785252	8.7319077967717	0.601753903182495	1.26947133237364	203	38.1861575178998	2.70061176326229	7.30050933786078	0.561490458248633	0.000210012272848489	6.15079365079365	TRUE	354.847103845302	1.34624361064667	0.825518290321866	1.63078592737391	0.10293549786293	0.5084628639671	protein_coding		FALSE
Apba1	Apba1-201	ENSMUST00000025830	13.8888888888889	0.991319543723372	6.00393114539282	0.412089300818281	1.26639112065659	140	23.6276849642005	1.61998799610705	6.96095076400679	0.544100389990334	3.98434801436133e-05	2.48015873015873	FALSE	290.666314754178	1.11616522378855	0.56940074173219	1.9602454685834	0.0499671063658302	0.385724593451799	protein_coding	in utero embryonic development; regulation of gene expression; multicellular organism growth	FALSE
Emc7	Emc7-201	ENSMUST00000069747	14.2857142857143	0.975835231202469	5.80141759485377	0.406409168199533	1.26370255102211	144	29.5942720763723	1.98441599153818	3.3955857385399	0.258355878773502	6.4645776129651e-05	2.28174603174603	FALSE	326.668987288633	0.791717521266306	0.360725477859131	2.19479235557485	0.0281784961017906	0.296859689167019	protein_coding	tail-anchored membrane protein insertion into ER membrane; protein insertion into ER membrane by stop-transfer membrane-anchor sequence	FALSE
Cyp46a1	Cyp46a1-201	ENSMUST00000021684	11.0119047619048	0.760615870365765	4.61611769611055	0.316879359470246	1.2632316951239	111	21.4797136038186	1.45477713723977	3.56536502546689	0.266806751825513	5.72473407859887e-05	2.28174603174603	FALSE	208.040261286381	1.14232818965208	1.14969600833932	0.993591507116838	0.320421780569538	0.753743274030715	protein_coding	cholesterol catabolic process; lipid metabolic process; regulation of biological quality	FALSE
Ttc14	Ttc14-201	ENSMUST00000099153	29.3650793650794	2.1468226571231	12.5320150098279	0.896416471425374	1.25996101846167	296	32.9355608591885	2.23961202955275	26.8251273344652	2.08081459761882	1.53203476943038e-05	2.08333333333333	FALSE	729.240612945966	0.711469888584109	0.392033564769481	1.81481881277808	0.0695517583300043	0.43132360277283	protein_coding		FALSE
Ina	Ina-201	ENSMUST00000037636	18.1547619047619	1.28184023298734	7.46917624635178	0.538479886781005	1.25125054012847	183	36.5155131264917	2.52400071459399	5.09337860780985	0.398198056768003	8.26838083442496e-05	3.47222222222222	FALSE	462.178656577106	0.739030281117772	1.04131231894263	0.709710494799675	0.477883682759363	0.839738844325803	protein_coding	cellular response to leukemia inhibitory factor; nervous system development; cell differentiation	FALSE
Unc5c	Unc5c-202	ENSMUST00000106236	11.4087301587302	0.812949397806834	4.99731967359581	0.341521744787117	1.25118566635089	115	16.945107398568	1.13209602767316	7.47028862478778	0.585916396255068	8.27873415386793e-06	1.19047619047619	FALSE	263.61106590912	0.801168007535383	1.082310227888	0.740238784492289	0.459155117819038	0.832305908061921	protein_coding	signal transduction; apoptotic process; axon guidance	FALSE
Vstm2l	Vstm2l-201	ENSMUST00000109523	12.797619047619	0.912788066916376	5.44999702185955	0.385102542631967	1.2450351168199	129	26.7303102625298	1.8803727263293	2.88624787775891	0.224472324481714	0.000229622284106222	4.96031746031746	FALSE	276.950768149655	1.15794703173325	1.58791864804713	0.729223145755816			protein_coding	negative regulation of neuron apoptotic process	FALSE
Dennd5b	Dennd5b-201	ENSMUST00000111557	11.2103174603175	0.777834870175343	4.75906843766752	0.329369994139016	1.23975225612029	113	20.0477326968974	1.33092831980573	4.92359932088285	0.384377900064765	1.94632854358288e-05	1.88492063492064	FALSE	270.305596290987	0.843812951861118	0.514410062009731	1.64035079050448	0.100932250795763	0.505471954788418	protein_coding	positive regulation of triglyceride transport	FALSE
R3hdm1	R3hdm1-202	ENSMUST00000185389	12.9960317460317	0.926679451315647	5.50955983084162	0.392608770476969	1.23897586167132	131	18.854415274463	1.28193568830157	8.82852292020374	0.673958970335851	7.55294626766121e-06	0.694444444444445	FALSE	338.954740039689	0.677355255475998	0.465981131226492	1.45361090843562	0.146054210869309	0.58461353392651	retained_intron	biological_process	FALSE
Tmem35a	Tmem35a-201	ENSMUST00000037687	10.218253968254	0.706714376785607	4.17535290964322	0.301063624073895	1.23105610228726	103	22.4343675417661	1.53228472407467	1.52801358234295	0.11942409577692	7.87532872038163e-05	1.88492063492064	FALSE	242.329533952787	0.886698747433841	1.02618147537216	0.864075963866206	0.387546162000407	0.797070646052854	protein_coding	positive regulation of protein localization to cell surface; chaperone-mediated protein complex assembly	FALSE
Ppm1l	Ppm1l-201	ENSMUST00000029355	24.4047619047619	1.75035552724611	10.322234796593	0.746545437740194	1.22934490334643	246	48.6873508353222	3.43466761656752	7.13073005093379	0.552177657253465	2.6234337596781e-05	3.86904761904762	FALSE	654.211715444609	0.720951464444651	0.63812605160745	1.12979475235114	0.258562719937764	0.706544634319037	protein_coding	protein dephosphorylation; signal transduction; MAPK cascade	FALSE
Luc7l2	Luc7l2-210	ENSMUST00000162530	15.9722222222222	1.12796348387668	6.79611650485437	0.482492281312563	1.22514088423483	161	21.2410501193317	1.41686188511344	12.2241086587436	0.922448322385666	5.67041554767998e-05	0.595238095238095	FALSE	385.900452507718	0.791700319200021	0.486424270555658	1.6275921394622	0.103611396974459	0.510811875312914	retained_intron	mRNA splice site recognition; mRNA processing; RNA splicing	FALSE
Cdk5r1	Cdk5r1-201	ENSMUST00000053413	26.2896825396825	1.90006218039938	11.1025075942581	0.814115204869239	1.22274075055827	265	51.7899761336516	3.6959104158756	8.14940577249576	0.622540260765197	5.27811160208312e-05	3.47222222222222	FALSE	677.949452845446	0.687690397873799	1.02804523566076	0.668930095699339	0.503540071043429	0.850248048783554	protein_coding	rhythmic process; neuron migration; embryo development ending in birth or egg hatching	FALSE
Thy1	Thy1-201	ENSMUST00000114840	33.7301587301587	2.54290167155778	14.6524510095896	1.09153401975305	1.22011782748626	340	64.9164677804296	4.83717046582813	11.5449915110357	0.910815721134557	0.000419900677147191	13.6904761904762	TRUE	865.476047032275	0.872549401716346	0.974223668880158	0.895635601544475	0.370447414930484	0.787996725290393	protein_coding	cell adhesion; regulation of cell migration; regulation of immune system process	FALSE
Kif5c	Kif5c-201	ENSMUST00000028102	21.8253968253968	1.54431457350281	9.22627911132289	0.662899306000412	1.2201037666273	220	40.8114558472554	2.81031231906944	8.31918505942275	0.643715158575099	4.85773714523196e-05	2.38095238095238	FALSE	573.347746553474	0.709240532369315	0.940962947358191	0.753739065242208	0.451005919592546	0.829316806092872	protein_coding	microtubule-based movement; mRNA transport; axon guidance	FALSE
St8sia3	St8sia3-201	ENSMUST00000025477	17.9563492063492	1.25383435800857	7.6538209541962	0.53991342500443	1.21554525209515	181	35.3221957040573	2.40683091477529	5.60271646859083	0.43362118774498	4.35972050274413e-05	2.08333333333333	FALSE	439.271659228239	0.820401196873766	1.07146001523147	0.765685312761328	0.443863568249634	0.825159490644782	protein_coding	protein glycosylation; N-glycan processing; oligosaccharide metabolic process	FALSE
Plxna2	Plxna2-201	ENSMUST00000027952	11.9047619047619	0.837381336564079	5.02114479718864	0.363129788608966	1.20539723025107	120	18.6157517899761	1.25031322126676	7.13073005093379	0.543631829449609	2.27735079820851e-05	1.88492063492064	FALSE	362.237388151558	0.454508336271412	0.924850623779531	0.491439725059599	0.623115473388406	0.894499036462147	protein_coding	semaphorin-plexin signaling pathway; anatomical structure morphogenesis; tube development	FALSE
Nsg1	Nsg1-201	ENSMUST00000031009	25.9920634920635	1.87151174423254	11.2752397403062	0.812452150664352	1.20384834352481	262	57.0405727923628	4.08290275119038	3.90492359932088	0.298382997347417	0.000213946312993746	7.83730158730159	TRUE	613.26162523435	0.933111024237169	0.833705125585822	1.1192338821013	0.263040374332645	0.709981270114304	protein_coding	clathrin coat assembly; apoptotic process; receptor recycling	FALSE
AC149090.1	AC149090.1-202	ENSMUST00000178343	23.2142857142857	1.72986934555457	10.1733277741378	0.751111095558544	1.20356377542855	234	23.6276849642005	1.6178108459726	22.9202037351443	1.80958498447621	8.60567485239187e-05	5.45634920634921	TRUE	717.13033457995	0.468732514742341	0.602630160073387	0.777811244437649	0.436680298041425	0.821670636906666	protein_coding		FALSE
Map2	Map2-204	ENSMUST00000114013	13.3928571428571	0.952668409821916	5.78950503305736	0.413798084978193	1.20304520974888	135	19.0930787589499	1.28178214732314	9.33786078098472	0.718545054961116	3.9754941436079e-06	0.694444444444445	FALSE	347.939604119644	0.701464876369517	0.885976156091372	0.791742386684697	0.428510901858826	0.818550190612302	protein_coding	microtubule cytoskeleton organization; neuron projection development; establishment of cell polarity	FALSE
Impact	Impact-201	ENSMUST00000025290	20.9325396825397	1.49153488474771	9.22627911132289	0.650223884748192	1.19778801221945	211	33.1742243436754	2.23973738646238	12.2241086587436	0.959282171303826	0.000257292142094099	3.76984126984127	FALSE	492.8995761645	0.896777581006764	0.501156462752813	1.78941637523905	0.073547784061291	0.443268287961826	protein_coding	nervous system development; cell differentiation; regulation of translation	FALSE
Adcyap1r1	Adcyap1r1-202	ENSMUST00000070756	11.8055555555556	0.834069109126362	5.03305735898505	0.364412949213925	1.19459047247919	119	17.6610978520286	1.18346291297262	7.64006791171477	0.585519017765443	9.90810631290951e-06	1.19047619047619	FALSE	226.393670901729	1.38586263816566	1.26334098216667	1.0969822539825	0.272649149715851	0.719109700687292	protein_coding	G protein-coupled receptor signaling pathway; cell surface receptor signaling pathway; cell differentiation	FALSE
Ogt	Ogt-204	ENSMUST00000150161	15.4761904761905	1.12371404583791	6.88546071832748	0.490971367474906	1.19456250482066	156	16.7064439140811	1.13015140255381	14.6010186757216	1.11913466983798	4.24896691878184e-05	1.78571428571429	FALSE	383.957720049382	0.769299883485206	0.268633716945935	2.86375028507697	0.00418657917789942	0.112551633586945	retained_intron	protein O-linked glycosylation; apoptotic process; rhythmic process	FALSE
Rgs7bp	Rgs7bp-201	ENSMUST00000063551	33.7301587301587	2.51660523606413	14.6941449758771	1.10363491601593	1.18921518837121	340	57.0405727923628	4.17634601926376	17.1477079796265	1.33590678417849	8.33405405740227e-05	7.14285714285714	TRUE	969.139009634831	0.608016743900759	1.08256269294311	0.561645757667642	0.574357397890364	0.876650765201082	protein_coding	negative regulation of signal transduction; G protein-coupled receptor signaling pathway; regulation of postsynaptic membrane potential	FALSE
Chka	Chka-214	ENSMUST00000154467	11.2103174603175	0.782788226238698	4.89606289832629	0.345386086020628	1.18040975816923	113	16.4677804295943	1.09458780655475	7.47028862478778	0.560981733619977	1.74528881774698e-05	0.793650793650794	FALSE	287.223757288878	0.664306165096504	0.582967516314587	1.13952518194517	0.254484171265503	0.703295793215718	retained_intron	lipid metabolic process; phospholipid biosynthetic process; phosphatidylethanolamine biosynthetic process	FALSE
Ttc14	Ttc14-203	ENSMUST00000117915	15.2777777777778	1.09635262292106	6.87354815653106	0.488662787103395	1.16579910546422	154	16.4677804295943	1.08366907050185	14.4312393887946	1.10537538771503	1.60178374738585e-05	1.38888888888889	FALSE	407.767899828879	0.633443357994494	0.455136994148354	1.39176416362239	0.163993825175515	0.60818848343924	protein_coding		FALSE
Map4	Map4-206	ENSMUST00000169851	12.1031746031746	0.826553589829304	5.36065280838644	0.36869213772253	1.16468954090068	122	23.8663484486874	1.59016316842646	3.73514431239389	0.283340663798391	0.000131266186510134	2.57936507936508	FALSE	280.278248327298	0.818603318454713	0.827527766094752	0.989215530879218	0.322557701280131	0.754705118162514	protein_coding	microtubule cytoskeleton organization; neuron projection development; cell division	FALSE
Hspa4l	Hspa4l-208	ENSMUST00000204702	18.5515873015873	1.31140958962979	8.47578771814879	0.586139414096108	1.16180123077306	187	31.2649164677804	2.13261503971558	9.50764006791171	0.72722438829541	4.60575382847999e-05	2.97619047619048	FALSE	417.209066870331	0.798889281670136	0.633087067529028	1.26189480506724	0.206986641569758	0.66222780838302	protein_coding	protein folding; response to unfolded protein	FALSE
Nsg2	Nsg2-201	ENSMUST00000020537	26.8849206349206	1.93711021663004	11.6981356840789	0.875042819554089	1.14647961702965	271	55.1312649164678	3.92260034435795	6.7911714770798	0.52468175564872	0.000217374116728615	6.8452380952381	TRUE	698.061392949401	0.716373266356907	1.16593294024653	0.614420642584668	0.538937398398678	0.864336581464282	protein_coding	clathrin coat assembly; endosomal transport	FALSE
Kcnq1ot1	Kcnq1ot1-201	ENSMUST00000185789	74.0079365079365	6.0635567578472	36.3630948835547	2.74014881782569	1.14590976043544	746	78.0429594272076	5.98981052922407	71.1375212224109	6.11601799688473	4.89147410594794e-06	11.6071428571429	TRUE	2331.46834794318	0.612162502243645	0.449685642231231	1.3613120917231	0.173415083377653	0.619798780349419	antisense	heterochromatin formation	FALSE
Stx1b	Stx1b-201	ENSMUST00000106267	10.218253968254	0.707008114882853	4.47316695455358	0.320562997370674	1.14111640950668	103	16.945107398568	1.11365056156616	5.43293718166384	0.417732758074185	4.47275297726925e-05	1.68650793650794	FALSE	267.314754587157	0.601203297321248	1.17275803975006	0.512640525107272	0.608202799989492	0.890275064270029	protein_coding	intracellular protein transport; vesicle-mediated transport; neurotransmitter transport	FALSE
Hspa12a	Hspa12a-201	ENSMUST00000066285	12.202380952381	0.849677171070272	5.47977842635059	0.389189513220227	1.12643995745545	123	19.0930787589499	1.26568473891675	7.30050933786078	0.553739699206647	2.30645026314621e-05	1.38888888888889	FALSE	347.780643350428	0.40495412047469	0.992626165196673	0.407962367579193	0.683301303468666	0.916152843260853	protein_coding	biological_process; inflammatory response; macrophage activation	FALSE
Ncs1	Ncs1-201	ENSMUST00000000199	13.1944444444444	0.927469475579637	5.92649949371612	0.426734291156912	1.11995992990587	133	22.9116945107399	1.55415631507102	6.28183361629881	0.481659992138401	5.44183162707587e-05	2.77777777777778	FALSE	369.930019479559	0.429860655100962	0.91117372575839	0.471765858638186	0.637093922765441	0.898479097554254	protein_coding	regulation of neuron projection development; calcium ion transmembrane transport; regulation of signal transduction	FALSE
C78859	C78859-201	ENSMUST00000212800	15.7738095238095	1.16370002214368	7.14753707784859	0.536368382828323	1.11742165647832	159	14.5584725536993	0.98103903842612	16.6383701188455	1.29364051820083	1.71495372031364e-05	1.48809523809524	FALSE	583.001511344653	-0.016335709336994	1.45304232199355	-0.0112424181248772	0.991030037107675	0.99811058222866	lincRNA	miRNA-mediated post-transcriptional gene silencing; biological_process	FALSE
Negr1	Negr1-202	ENSMUST00000074015	16.765873015873	1.19133058334929	7.58830186431592	0.549868889830463	1.11541282069474	169	31.5035799522673	2.18373217116844	6.28183361629881	0.4853606932029	6.89518616804463e-05	3.47222222222222	FALSE	433.204116387153	0.823124785714269	0.978507711440901	0.841204188878774	0.400233554245798	0.804409818571476	protein_coding	positive regulation of neuron projection development; locomotory behavior; cell adhesion	FALSE
Etnk1	Etnk1-202	ENSMUST00000203341	25.6944444444444	1.95378556826513	12.3235451783906	0.903812787748697	1.11217540512796	259	21.7183770883055	1.49765975312331	28.5229202037351	2.27826216681254	3.36473862631012e-05	3.37301587301587	FALSE	864.014160281782	0.284178016168161	0.64656225252464	0.439521507880374	0.660283701166968	0.907303483373375	retained_intron	lipid metabolic process; phospholipid biosynthetic process; glycerophospholipid biosynthetic process	FALSE
Rab6b	Rab6b-201	ENSMUST00000035155	27.6785714285714	2.01495765074721	13.2050747513253	0.933865875480783	1.10946142255518	279	49.8806682577566	3.55742278044113	11.8845500848896	0.917686191762905	0.000174101155214475	7.24206349206349	TRUE	734.446227385153	0.76145770066857	0.673059228996704	1.13133832486576	0.257912719426572	0.706472108487481	protein_coding	protein transport; Golgi organization; vesicle-mediated transport	FALSE
Letm2	Letm2-203	ENSMUST00000209734	10.8134920634921	0.75480763663143	5.03901363988326	0.350013311960128	1.1086970160133	109	17.6610978520286	1.18969522751281	5.94227504244482	0.445439384374555	2.36983247156777e-05	0.396825396825397	FALSE	241.128794292597	0.969196929643364	0.307347443441314	3.15342440721628	0.00161367015148465	0.0667333935185878	retained_intron	mitochondrion organization; mitochondrial calcium ion transmembrane transport	FALSE
Kcnd2	Kcnd2-201	ENSMUST00000081542	13.0952380952381	0.911554547029694	5.94436833641075	0.423578643660969	1.10569731363589	132	25.0596658711217	1.71067053392703	4.58404074702886	0.343083242258925	7.21780107329601e-05	2.08333333333333	FALSE	326.03087597353	0.70047523924321	1.12639461521627	0.621873746359056	0.534024889444891	0.861829515459545	protein_coding	monoatomic ion transport; transmembrane transport; potassium ion transport	FALSE
Trank1	Trank1-201	ENSMUST00000078626	21.7261904761905	1.57969450168943	9.57769968431711	0.734654838716453	1.1045060350285	219	30.5489260143198	2.09223762305757	15.4499151103565	1.21508402995216	7.74078431513619e-06	1.48809523809524	FALSE	731.954540006973	0.337427748556119	1.80917416217015	0.186509267936574	0.852045411610783	0.9657131323209	protein_coding	biological_process	FALSE
Slc25a3	Slc25a3-208	ENSMUST00000172442	18.3531746031746	1.3299803286828	8.60086961701114	0.618870134870485	1.10369505314162	185	23.1503579952267	1.58589813730623	14.9405772495756	1.14792674326137	1.97012690272043e-05	1.28968253968254	FALSE	512.188062833979	0.639512777064968	0.401564657941034	1.59255244309591	0.111260629415928	0.523005024528805	retained_intron	mitochondrial phosphate ion transmembrane transport; proton transmembrane transport; phosphate ion transmembrane transport	FALSE
Grin2b	Grin2b-201	ENSMUST00000053880	43.8492063492064	3.37339577730582	19.494907379832	1.57108381114292	1.10244095436099	442	65.8711217183771	4.96179892762092	28.1833616298812	2.24344514915298	2.57209326174809e-05	10.4166666666667	TRUE	1456.7306943972	0.472932852551711	1.23313880929397	0.38351955918287	0.701334570758213	0.922476133162993	protein_coding	monoatomic ion transport; monoatomic ion transmembrane transport; calcium-mediated signaling	TRUE
Nrxn1	Nrxn1-212	ENSMUST00000162227	10.4166666666667	0.746823554862917	4.84841265114063	0.347869496941327	1.1022190342412	105	12.4105011933174	0.846907771699716	8.99830220713073	0.675626123870355	1.11343767411045e-05	0.496031746031746	FALSE	206.908698417885	1.13193216024542	1.28450452959087	0.881220839762975	0.378198301840169	0.792318475803237	retained_intron	regulation of biological quality; cell adhesion; neurotransmitter secretion	TRUE
Scg5	Scg5-201	ENSMUST00000024005	23.4126984126984	1.70565175355774	11.185895526833	0.797007411609985	1.09765710894545	236	52.0286396181384	3.76394024856047	3.05602716468591	0.241436338606727	0.000576522858331011	8.03571428571429	TRUE	526.86647923254	1.13174747156403	0.926724512606703	1.22123398719716	0.221997439295663	0.678720201569744	protein_coding	neuropeptide signaling pathway; intracellular protein transport; peptide hormone processing	FALSE
Zfp955a	Zfp955a-201	ENSMUST00000008830	10.218253968254	0.719460690093612	4.77098099946394	0.336742799029407	1.09526648894837	103	15.7517899761337	1.05681325357217	6.28183361629881	0.479476438654708	2.59613947541655e-06	0.0992063492063492	FALSE	259.628016421089	0.732161450395894	0.515997932499375	1.41892322484602	0.15592140045017	0.596995773500302	protein_coding	regulation of DNA-templated transcription; regulation of transcription by RNA polymerase II; negative regulation of transcription by RNA polymerase II	FALSE
Gm27032	Gm27032-201	ENSMUST00000183124	10.9126984126984	0.760156486166186	5.00327595449401	0.359957588891166	1.07846739832898	110	17.8997613365155	1.2023254273663	5.94227504244482	0.445608461781049	3.73503599331262e-05	0.595238095238095	FALSE	328.153005900244	0.360958950108481	1.56780706147983	0.230231741505092	0.817911698118335	0.95630483506645	lincRNA		FALSE
Cx3cl1	Cx3cl1-201	ENSMUST00000034230	28.6706349206349	2.06594920144608	13.0561677288701	0.978824350773617	1.07768210764726	289	58.7112171837709	4.17757013414393	7.30050933786078	0.563794412311276	9.33499253090052e-05	6.15079365079365	TRUE	808.373824318242	0.675665250127338	0.95584507508017	0.706877367203747	0.479642690019797	0.839738844325803	protein_coding	immune response; cell adhesion; inflammatory response	FALSE
Elovl4	Elovl4-201	ENSMUST00000034796	10.6150793650794	0.734778408127518	5.19983322413485	0.354001976838948	1.05354970402076	107	22.4343675417661	1.53312757061416	2.20713073005093	0.166852603234646	5.88405891500357e-05	1.38888888888889	FALSE	234.471171928457	1.09223023387377	0.896616423685733	1.21816889030866	0.223159799060204	0.679114605324754	protein_coding	fatty acid elongation, saturated fatty acid; very long-chain fatty acid biosynthetic process; lipid metabolic process	FALSE
Arxes1	Arxes1-201	ENSMUST00000057625	12.797619047619	0.878483265359073	6.05158139257847	0.425206531277134	1.04684929606034	129	30.0715990453461	2.05804493057469	0.509337860780985	0.0393723354348921	0.000166064403174875	2.18253968253968	FALSE	260.156079175471	1.19145551347481	1.14804569296467	1.03781192750094	0.299357622748401	0.738875312078942	protein_coding	signal peptide processing; fat cell differentiation; protein targeting to ER	FALSE
Ahi1	Ahi1-202	ENSMUST00000163505	12.797619047619	0.940823812971646	6.34343915659063	0.457500776294335	1.04014876498183	129	12.4105011933174	0.832687596689256	13.0730050933786	1.01774923677864	5.78931215987006e-05	1.28968253968254	FALSE	409.515053482746	0.473137523597435	0.972825013833376	0.486354192038151	0.626716062793126	0.895520004413143	protein_coding	cell projection organization; cell differentiation; cilium assembly	FALSE
Samd5	Samd5-201	ENSMUST00000100070	13.5912698412698	0.959487353593763	6.53999642623146	0.469715519602964	1.03047496182105	137	19.8090692124105	1.32779413375686	9.16808149405773	0.697483039691663	9.30323176138215e-06	0.793650793650794	FALSE	323.14666966391	0.687640877115324	1.02986011876409	0.667703180836387	0.50432307919303	0.850378678581735	protein_coding		FALSE
Nap1l5	Nap1l5-201	ENSMUST00000059539	52.7777777777778	4.22026976474321	28.5127166597177	2.07942888356732	1.02114752306365	532	79.236276849642	6.37579632987934	33.955857385399	2.68688159701479	0.000332599067014303	14.0873015873016	TRUE	1386.52798457214	1.01207841903127	0.638618399366763	1.58479370471446	0.113013213192831	0.5255837631541	protein_coding	nucleosome assembly; biological_process	FALSE
Adgrl3	Adgrl3-228	ENSMUST00000147226	12.1031746031746	0.841018374649249	5.85502412293764	0.41476588868339	1.01983830962864	122	21.4797136038186	1.45376980528872	5.43293718166384	0.405122195637473	2.45976847183832e-05	0.992063492063492	FALSE	321.919930988977	0.664144795232993	0.767854636810566	0.864935579462863	0.387074147911912	0.796889885907661	retained_intron	G protein-coupled receptor signaling pathway; cell surface receptor signaling pathway; signal transduction	FALSE
Syne1	Syne1-205	ENSMUST00000215295	16.5674603174603	1.22089367914884	8.45196259455596	0.607331358440241	1.00738060856716	167	17.8997613365155	1.20429708015621	15.6196943972835	1.23270008827942	2.93959133797361e-06	1.28968253968254	FALSE	435.326870148269	0.648879525886803	0.454847338870363	1.42658749526452	0.153698830700791	0.595127802768447	protein_coding	cell differentiation; spermatogenesis; Golgi organization	FALSE
Map1b	Map1b-206	ENSMUST00000224702	19.3452380952381	1.36969998602321	9.44666150455656	0.682043213247057	1.00592380900936	195	38.4248210023866	2.65527702666695	5.77249575551783	0.455172345904828	1.47075184663321e-05	2.08333333333333	FALSE	540.180304115534	0.48586971220513	0.809703603009606	0.600058725685781	0.54846709850303	0.868267096659787	processed_transcript	microtubule cytoskeleton organization; axon extension; nervous system development	FALSE
Zbtb4	Zbtb4-202	ENSMUST00000108639	11.8055555555556	0.848808327909157	6.05158139257847	0.423320577872745	1.00368648200855	119	14.0811455847255	0.935940897188149	10.1867572156197	0.786824377946681	2.03889505343923e-05	1.88492063492064	FALSE	332.637375050172	0.459515163834172	0.493839920856293	0.930494163042544	0.352115284887294	0.776375841103121	protein_coding	regulation of DNA-templated transcription; negative regulation of transcription by RNA polymerase II; DNA damage response	FALSE
Epm2aip1	Epm2aip1-202	ENSMUST00000135807	15.6746031746032	1.08494921224509	7.79677169575317	0.541724230179202	1.00199565051038	158	29.8329355608592	2.00198846228075	5.60271646859083	0.43259022113313	2.90239523793833e-05	1.78571428571429	FALSE	359.088841145827	0.874586117050013	0.260655597494634	3.35533219104576	0.000792697331482819	0.0457310193618077	protein_coding	glycogen biosynthetic process	FALSE
Enah	Enah-211	ENSMUST00000193703	19.0476190476191	1.3713099559911	9.55387456072428	0.684892264278553	1.00160467414118	192	23.8663484486874	1.60461581792326	15.6196943972835	1.20534194894598	8.61080699830762e-06	1.28968253968254	FALSE	547.312863724772	0.335170156903196	0.563316411212392	0.594994483086032	0.551847158734324	0.868742781053959	protein_coding	cellular response to leukemia inhibitory factor; nervous system development; cell differentiation	FALSE
